{
    "id": "100l.jl",
    "name": "100l.jl",
    "description": null,
    "sourceColumns": [
        {
            "id": "HN1391",
            "hNodeId": "HN1391",
            "columnName": "message_uri"
        },
        {
            "id": "HN1151",
            "hNodeId": "HN1151",
            "columnName": "sequence_number"
        },
        {
            "id": "HN947",
            "hNodeId": "HN947",
            "columnName": "descriptor"
        },
        {
            "id": "HN1396",
            "hNodeId": "HN1396",
            "columnName": "track_uri"
        },
        {
            "id": "HN1103",
            "hNodeId": "HN1103",
            "columnName": "descriptor"
        },
        {
            "id": "HN1403",
            "hNodeId": "HN1403",
            "columnName": "iso_timestamp"
        },
        {
            "id": "HN925",
            "hNodeId": "HN925",
            "columnName": "descriptor"
        },
        {
            "id": "HN914",
            "hNodeId": "HN914",
            "columnName": "descriptor"
        },
        {
            "id": "HN903",
            "hNodeId": "HN903",
            "columnName": "descriptor"
        },
        {
            "id": "HN795",
            "hNodeId": "HN795",
            "columnName": "descriptor"
        },
        {
            "id": "HN1020",
            "hNodeId": "HN1020",
            "columnName": "descriptor"
        }
    ],
    "mappingToSourceColumns": [
        {
            "id": "HN1391",
            "sourceColumnId": "HN1391"
        },
        {
            "id": "HN1151",
            "sourceColumnId": "HN1151"
        },
        {
            "id": "HN947",
            "sourceColumnId": "HN947"
        },
        {
            "id": "HN1103",
            "sourceColumnId": "HN1103"
        },
        {
            "id": "HN1396",
            "sourceColumnId": "HN1396"
        },
        {
            "id": "HN925",
            "sourceColumnId": "HN925"
        },
        {
            "id": "HN1403",
            "sourceColumnId": "HN1403"
        },
        {
            "id": "HN914",
            "sourceColumnId": "HN914"
        },
        {
            "id": "HN903",
            "sourceColumnId": "HN903"
        },
        {
            "id": "HN1020",
            "sourceColumnId": "HN1020"
        },
        {
            "id": "HN795",
            "sourceColumnId": "HN795"
        }
    ],
    "graph": {
        "nodes": [
            {
                "id": "http://scharp.usc.isi.edu/ontology/AirUnit1",
                "label": {
                    "uri": "http://scharp.usc.isi.edu/ontology/AirUnit"
                },
                "type": "InternalNode",
                "modelIds": null
            },
            {
                "id": "http://scharp.usc.isi.edu/ontology/Point1",
                "label": {
                    "uri": "http://scharp.usc.isi.edu/ontology/Point"
                },
                "type": "InternalNode",
                "modelIds": null
            },
            {
                "id": "http://scharp.usc.isi.edu/ontology/Message1",
                "label": {
                    "uri": "http://scharp.usc.isi.edu/ontology/Message"
                },
                "type": "InternalNode",
                "modelIds": null
            },
            {
                "id": "http://scharp.usc.isi.edu/ontology/Track1",
                "label": {
                    "uri": "http://scharp.usc.isi.edu/ontology/Track"
                },
                "type": "InternalNode",
                "modelIds": null
            },
            {
                "id": "HN1391",
                "label": {
                    "uri": "HN1391"
                },
                "type": "ColumnNode",
                "hNodeId": "HN1391",
                "columnName": "message_uri",
                "rdfLiteralType": null,
                "language": "",
                "userSemanticTypes": [
                    {
                        "hNodeId": "HN1391",
                        "domain": {
                            "uri": "http://scharp.usc.isi.edu/ontology/Message"
                        },
                        "type": {
                            "uri": "http://isi.edu/integration/karma/dev#classLink"
                        },
                        "origin": "User",
                        "confidenceScore": 1.0
                    }
                ],
                "learnedSemanticTypes": null,
                "modelIds": null
            },
            {
                "id": "HN1151",
                "label": {
                    "uri": "HN1151"
                },
                "type": "ColumnNode",
                "hNodeId": "HN1151",
                "columnName": "sequence_number",
                "rdfLiteralType": null,
                "language": "",
                "userSemanticTypes": [
                    {
                        "hNodeId": "HN1151",
                        "domain": {
                            "uri": "http://scharp.usc.isi.edu/ontology/Message"
                        },
                        "type": {
                            "uri": "http://scharp.usc.isi.edu/ontology/identifier"
                        },
                        "origin": "User",
                        "confidenceScore": 1.0
                    }
                ],
                "learnedSemanticTypes": null,
                "modelIds": null
            },
            {
                "id": "HN947",
                "label": {
                    "uri": "HN947"
                },
                "type": "ColumnNode",
                "hNodeId": "HN947",
                "columnName": "descriptor",
                "rdfLiteralType": null,
                "language": "",
                "userSemanticTypes": [
                    {
                        "hNodeId": "HN947",
                        "domain": {
                            "uri": "http://scharp.usc.isi.edu/ontology/AirUnit"
                        },
                        "type": {
                            "uri": "http://scharp.usc.isi.edu/ontology/speed"
                        },
                        "origin": "User",
                        "confidenceScore": 1.0
                    }
                ],
                "learnedSemanticTypes": null,
                "modelIds": null
            },
            {
                "id": "HN1396",
                "label": {
                    "uri": "HN1396"
                },
                "type": "ColumnNode",
                "hNodeId": "HN1396",
                "columnName": "track_uri",
                "rdfLiteralType": null,
                "language": "",
                "userSemanticTypes": [
                    {
                        "hNodeId": "HN1396",
                        "domain": {
                            "uri": "http://scharp.usc.isi.edu/ontology/Track"
                        },
                        "type": {
                            "uri": "http://isi.edu/integration/karma/dev#classLink"
                        },
                        "origin": "User",
                        "confidenceScore": 1.0
                    }
                ],
                "learnedSemanticTypes": null,
                "modelIds": null
            },
            {
                "id": "HN1103",
                "label": {
                    "uri": "HN1103"
                },
                "type": "ColumnNode",
                "hNodeId": "HN1103",
                "columnName": "descriptor",
                "rdfLiteralType": null,
                "language": "",
                "userSemanticTypes": [
                    {
                        "hNodeId": "HN1103",
                        "domain": {
                            "uri": "http://scharp.usc.isi.edu/ontology/Track"
                        },
                        "type": {
                            "uri": "http://scharp.usc.isi.edu/ontology/trackNum"
                        },
                        "origin": "User",
                        "confidenceScore": 1.0
                    }
                ],
                "learnedSemanticTypes": null,
                "modelIds": null
            },
            {
                "id": "HN1403",
                "label": {
                    "uri": "HN1403"
                },
                "type": "ColumnNode",
                "hNodeId": "HN1403",
                "columnName": "iso_timestamp",
                "rdfLiteralType": null,
                "language": "",
                "userSemanticTypes": [
                    {
                        "hNodeId": "HN1403",
                        "domain": {
                            "uri": "http://scharp.usc.isi.edu/ontology/Message"
                        },
                        "type": {
                            "uri": "http://scharp.usc.isi.edu/ontology/timeStamp"
                        },
                        "origin": "User",
                        "confidenceScore": 1.0
                    }
                ],
                "learnedSemanticTypes": null,
                "modelIds": null
            },
            {
                "id": "HN925",
                "label": {
                    "uri": "HN925"
                },
                "type": "ColumnNode",
                "hNodeId": "HN925",
                "columnName": "descriptor",
                "rdfLiteralType": null,
                "language": "",
                "userSemanticTypes": [
                    {
                        "hNodeId": "HN925",
                        "domain": {
                            "uri": "http://scharp.usc.isi.edu/ontology/Point"
                        },
                        "type": {
                            "uri": "http://scharp.usc.isi.edu/ontology/longitude"
                        },
                        "origin": "User",
                        "confidenceScore": 1.0
                    }
                ],
                "learnedSemanticTypes": null,
                "modelIds": null
            },
            {
                "id": "HN914",
                "label": {
                    "uri": "HN914"
                },
                "type": "ColumnNode",
                "hNodeId": "HN914",
                "columnName": "descriptor",
                "rdfLiteralType": null,
                "language": "",
                "userSemanticTypes": [
                    {
                        "hNodeId": "HN914",
                        "domain": {
                            "uri": "http://scharp.usc.isi.edu/ontology/Point"
                        },
                        "type": {
                            "uri": "http://scharp.usc.isi.edu/ontology/latitude"
                        },
                        "origin": "User",
                        "confidenceScore": 1.0
                    }
                ],
                "learnedSemanticTypes": null,
                "modelIds": null
            },
            {
                "id": "HN903",
                "label": {
                    "uri": "HN903"
                },
                "type": "ColumnNode",
                "hNodeId": "HN903",
                "columnName": "descriptor",
                "rdfLiteralType": null,
                "language": "",
                "userSemanticTypes": [
                    {
                        "hNodeId": "HN903",
                        "domain": {
                            "uri": "http://scharp.usc.isi.edu/ontology/AirUnit"
                        },
                        "type": {
                            "uri": "http://scharp.usc.isi.edu/ontology/course"
                        },
                        "origin": "User",
                        "confidenceScore": 1.0
                    }
                ],
                "learnedSemanticTypes": null,
                "modelIds": null
            },
            {
                "id": "HN795",
                "label": {
                    "uri": "HN795"
                },
                "type": "ColumnNode",
                "hNodeId": "HN795",
                "columnName": "descriptor",
                "rdfLiteralType": null,
                "language": "",
                "userSemanticTypes": [
                    {
                        "hNodeId": "HN795",
                        "domain": {
                            "uri": "http://scharp.usc.isi.edu/ontology/AirUnit"
                        },
                        "type": {
                            "uri": "http://scharp.usc.isi.edu/ontology/type"
                        },
                        "origin": "User",
                        "confidenceScore": 1.0
                    }
                ],
                "learnedSemanticTypes": null,
                "modelIds": null
            },
            {
                "id": "HN1020",
                "label": {
                    "uri": "HN1020"
                },
                "type": "ColumnNode",
                "hNodeId": "HN1020",
                "columnName": "descriptor",
                "rdfLiteralType": null,
                "language": "",
                "userSemanticTypes": [
                    {
                        "hNodeId": "HN1020",
                        "domain": {
                            "uri": "http://scharp.usc.isi.edu/ontology/Track"
                        },
                        "type": {
                            "uri": "http://scharp.usc.isi.edu/ontology/trackIdentity"
                        },
                        "origin": "User",
                        "confidenceScore": 1.0
                    }
                ],
                "learnedSemanticTypes": null,
                "modelIds": null
            }
        ],
        "links": [
            {
                "id": "http://scharp.usc.isi.edu/ontology/AirUnit1---http://scharp.usc.isi.edu/ontology/location---http://scharp.usc.isi.edu/ontology/Point1",
                "weight": 0.009999999776482582,
                "type": "ObjectPropertyLink",
                "label": {
                    "uri": "http://scharp.usc.isi.edu/ontology/location"
                },
                "objectPropertyType": "WithoutDomainAndRange",
                "status": "ForcedByUser",
                "keyInfo": "None",
                "modelIds": null
            },
            {
                "id": "http://scharp.usc.isi.edu/ontology/Message1---http://scharp.usc.isi.edu/ontology/mention---http://scharp.usc.isi.edu/ontology/Track1",
                "weight": 0.009999999776482582,
                "type": "ObjectPropertyLink",
                "label": {
                    "uri": "http://scharp.usc.isi.edu/ontology/mention"
                },
                "objectPropertyType": "WithOnlyDomain",
                "status": "ForcedByUser",
                "keyInfo": "None",
                "modelIds": null
            },
            {
                "id": "http://scharp.usc.isi.edu/ontology/Track1---http://scharp.usc.isi.edu/ontology/track---http://scharp.usc.isi.edu/ontology/AirUnit1",
                "weight": 0.009999999776482582,
                "type": "ObjectPropertyLink",
                "label": {
                    "uri": "http://scharp.usc.isi.edu/ontology/track"
                },
                "objectPropertyType": "Indirect",
                "status": "ForcedByUser",
                "keyInfo": "None",
                "modelIds": null
            },
            {
                "id": "http://scharp.usc.isi.edu/ontology/Message1---http://isi.edu/integration/karma/dev#classLink---HN1391",
                "weight": 0.01,
                "type": "ClassInstanceLink",
                "label": {
                    "uri": "http://isi.edu/integration/karma/dev#classLink"
                },
                "status": "ForcedByUser",
                "keyInfo": "UriOfInstance",
                "modelIds": null
            },
            {
                "id": "http://scharp.usc.isi.edu/ontology/Message1---http://scharp.usc.isi.edu/ontology/identifier---HN1151",
                "weight": 0.01,
                "type": "DataPropertyLink",
                "label": {
                    "uri": "http://scharp.usc.isi.edu/ontology/identifier"
                },
                "status": "ForcedByUser",
                "keyInfo": "None",
                "modelIds": null
            },
            {
                "id": "http://scharp.usc.isi.edu/ontology/AirUnit1---http://scharp.usc.isi.edu/ontology/speed---HN947",
                "weight": 0.01,
                "type": "DataPropertyLink",
                "label": {
                    "uri": "http://scharp.usc.isi.edu/ontology/speed"
                },
                "status": "ForcedByUser",
                "keyInfo": "None",
                "modelIds": null
            },
            {
                "id": "http://scharp.usc.isi.edu/ontology/Track1---http://isi.edu/integration/karma/dev#classLink---HN1396",
                "weight": 0.01,
                "type": "ClassInstanceLink",
                "label": {
                    "uri": "http://isi.edu/integration/karma/dev#classLink"
                },
                "status": "ForcedByUser",
                "keyInfo": "UriOfInstance",
                "modelIds": null
            },
            {
                "id": "http://scharp.usc.isi.edu/ontology/Track1---http://scharp.usc.isi.edu/ontology/trackNum---HN1103",
                "weight": 0.01,
                "type": "DataPropertyLink",
                "label": {
                    "uri": "http://scharp.usc.isi.edu/ontology/trackNum"
                },
                "status": "ForcedByUser",
                "keyInfo": "None",
                "modelIds": null
            },
            {
                "id": "http://scharp.usc.isi.edu/ontology/Message1---http://scharp.usc.isi.edu/ontology/timeStamp---HN1403",
                "weight": 0.01,
                "type": "DataPropertyLink",
                "label": {
                    "uri": "http://scharp.usc.isi.edu/ontology/timeStamp"
                },
                "status": "ForcedByUser",
                "keyInfo": "None",
                "modelIds": null
            },
            {
                "id": "http://scharp.usc.isi.edu/ontology/Point1---http://scharp.usc.isi.edu/ontology/longitude---HN925",
                "weight": 0.01,
                "type": "DataPropertyLink",
                "label": {
                    "uri": "http://scharp.usc.isi.edu/ontology/longitude"
                },
                "status": "ForcedByUser",
                "keyInfo": "None",
                "modelIds": null
            },
            {
                "id": "http://scharp.usc.isi.edu/ontology/Point1---http://scharp.usc.isi.edu/ontology/latitude---HN914",
                "weight": 0.01,
                "type": "DataPropertyLink",
                "label": {
                    "uri": "http://scharp.usc.isi.edu/ontology/latitude"
                },
                "status": "ForcedByUser",
                "keyInfo": "None",
                "modelIds": null
            },
            {
                "id": "http://scharp.usc.isi.edu/ontology/AirUnit1---http://scharp.usc.isi.edu/ontology/course---HN903",
                "weight": 0.01,
                "type": "DataPropertyLink",
                "label": {
                    "uri": "http://scharp.usc.isi.edu/ontology/course"
                },
                "status": "ForcedByUser",
                "keyInfo": "None",
                "modelIds": null
            },
            {
                "id": "http://scharp.usc.isi.edu/ontology/AirUnit1---http://scharp.usc.isi.edu/ontology/type---HN795",
                "weight": 0.01,
                "type": "DataPropertyLink",
                "label": {
                    "uri": "http://scharp.usc.isi.edu/ontology/type"
                },
                "status": "ForcedByUser",
                "keyInfo": "None",
                "modelIds": null
            },
            {
                "id": "http://scharp.usc.isi.edu/ontology/Track1---http://scharp.usc.isi.edu/ontology/trackIdentity---HN1020",
                "weight": 0.01,
                "type": "DataPropertyLink",
                "label": {
                    "uri": "http://scharp.usc.isi.edu/ontology/trackIdentity"
                },
                "status": "ForcedByUser",
                "keyInfo": "None",
                "modelIds": null
            }
        ]
    }
}