{
    "id": "1454779963_050_stat.json",
    "name": "1454779963_050_stat.json",
    "description": null,
    "sourceColumns": [
        {
            "id": "HN13",
            "hNodeId": "HN13",
            "columnName": "missionname"
        },
        {
            "id": "HN15",
            "hNodeId": "HN15",
            "columnName": "output"
        },
        {
            "id": "HN9",
            "hNodeId": "HN9",
            "columnName": "simtime"
        },
        {
            "id": "HN29",
            "hNodeId": "HN29",
            "columnName": "link16"
        },
        {
            "id": "HN44",
            "hNodeId": "HN44",
            "columnName": "mission_uri"
        },
        {
            "id": "HN17",
            "hNodeId": "HN17",
            "columnName": "action"
        },
        {
            "id": "HN78",
            "hNodeId": "HN78",
            "columnName": "unit_uri"
        },
        {
            "id": "HN51",
            "hNodeId": "HN51",
            "columnName": "airbase_uri"
        },
        {
            "id": "HN19",
            "hNodeId": "HN19",
            "columnName": "value"
        },
        {
            "id": "HN11",
            "hNodeId": "HN11",
            "columnName": "unit"
        }
    ],
    "mappingToSourceColumns": [
        {
            "id": "HN13",
            "sourceColumnId": "HN13"
        },
        {
            "id": "HN15",
            "sourceColumnId": "HN15"
        },
        {
            "id": "HN44",
            "sourceColumnId": "HN44"
        },
        {
            "id": "HN29",
            "sourceColumnId": "HN29"
        },
        {
            "id": "HN9",
            "sourceColumnId": "HN9"
        },
        {
            "id": "HN78",
            "sourceColumnId": "HN78"
        },
        {
            "id": "HN17",
            "sourceColumnId": "HN17"
        },
        {
            "id": "HN51",
            "sourceColumnId": "HN51"
        },
        {
            "id": "HN19",
            "sourceColumnId": "HN19"
        },
        {
            "id": "HN11",
            "sourceColumnId": "HN11"
        }
    ],
    "graph": {
        "nodes": [
            {
                "id": "http://scharp.usc.isi.edu/ontology/AirUnit1",
                "label": {
                    "uri": "http://scharp.usc.isi.edu/ontology/AirUnit"
                },
                "type": "InternalNode",
                "modelIds": null
            },
            {
                "id": "http://scharp.usc.isi.edu/ontology/AirMission1",
                "label": {
                    "uri": "http://scharp.usc.isi.edu/ontology/AirMission"
                },
                "type": "InternalNode",
                "modelIds": null
            },
            {
                "id": "http://scharp.usc.isi.edu/ontology/Airbase1",
                "label": {
                    "uri": "http://scharp.usc.isi.edu/ontology/Airbase"
                },
                "type": "InternalNode",
                "modelIds": null
            },
            {
                "id": "http://scharp.usc.isi.edu/ontology/Message1",
                "label": {
                    "uri": "http://scharp.usc.isi.edu/ontology/Message"
                },
                "type": "InternalNode",
                "modelIds": null
            },
            {
                "id": "HN13",
                "label": {
                    "uri": "HN13"
                },
                "type": "ColumnNode",
                "hNodeId": "HN13",
                "columnName": "missionname",
                "rdfLiteralType": null,
                "language": "",
                "userSemanticTypes": [
                    {
                        "hNodeId": "HN13",
                        "domain": {
                            "uri": "http://scharp.usc.isi.edu/ontology/AirMission"
                        },
                        "type": {
                            "uri": "http://scharp.usc.isi.edu/ontology/missionId"
                        },
                        "origin": "User",
                        "confidenceScore": 1.0
                    }
                ],
                "learnedSemanticTypes": null,
                "modelIds": null
            },
            {
                "id": "HN15",
                "label": {
                    "uri": "HN15"
                },
                "type": "ColumnNode",
                "hNodeId": "HN15",
                "columnName": "output",
                "rdfLiteralType": null,
                "language": "",
                "userSemanticTypes": [
                    {
                        "hNodeId": "HN15",
                        "domain": {
                            "uri": "http://scharp.usc.isi.edu/ontology/AirUnit"
                        },
                        "type": {
                            "uri": "http://scharp.usc.isi.edu/ontology/output"
                        },
                        "origin": "User",
                        "confidenceScore": 1.0
                    }
                ],
                "learnedSemanticTypes": null,
                "modelIds": null
            },
            {
                "id": "HN9",
                "label": {
                    "uri": "HN9"
                },
                "type": "ColumnNode",
                "hNodeId": "HN9",
                "columnName": "simtime",
                "rdfLiteralType": null,
                "language": "",
                "userSemanticTypes": [
                    {
                        "hNodeId": "HN9",
                        "domain": {
                            "uri": "http://scharp.usc.isi.edu/ontology/Message"
                        },
                        "type": {
                            "uri": "http://scharp.usc.isi.edu/ontology/timeStamp"
                        },
                        "origin": "User",
                        "confidenceScore": 1.0
                    }
                ],
                "learnedSemanticTypes": null,
                "modelIds": null
            },
            {
                "id": "HN29",
                "label": {
                    "uri": "HN29"
                },
                "type": "ColumnNode",
                "hNodeId": "HN29",
                "columnName": "link16",
                "rdfLiteralType": null,
                "language": "",
                "userSemanticTypes": [
                    {
                        "hNodeId": "HN29",
                        "domain": {
                            "uri": "http://scharp.usc.isi.edu/ontology/AirUnit"
                        },
                        "type": {
                            "uri": "http://scharp.usc.isi.edu/ontology/link16"
                        },
                        "origin": "User",
                        "confidenceScore": 1.0
                    }
                ],
                "learnedSemanticTypes": null,
                "modelIds": null
            },
            {
                "id": "HN44",
                "label": {
                    "uri": "HN44"
                },
                "type": "ColumnNode",
                "hNodeId": "HN44",
                "columnName": "mission_uri",
                "rdfLiteralType": null,
                "language": "",
                "userSemanticTypes": [
                    {
                        "hNodeId": "HN44",
                        "domain": {
                            "uri": "http://scharp.usc.isi.edu/ontology/AirMission"
                        },
                        "type": {
                            "uri": "http://isi.edu/integration/karma/dev#classLink"
                        },
                        "origin": "User",
                        "confidenceScore": 1.0
                    }
                ],
                "learnedSemanticTypes": null,
                "modelIds": null
            },
            {
                "id": "HN17",
                "label": {
                    "uri": "HN17"
                },
                "type": "ColumnNode",
                "hNodeId": "HN17",
                "columnName": "action",
                "rdfLiteralType": null,
                "language": "",
                "userSemanticTypes": [
                    {
                        "hNodeId": "HN17",
                        "domain": {
                            "uri": "http://scharp.usc.isi.edu/ontology/AirUnit"
                        },
                        "type": {
                            "uri": "http://scharp.usc.isi.edu/ontology/action"
                        },
                        "origin": "User",
                        "confidenceScore": 1.0
                    }
                ],
                "learnedSemanticTypes": null,
                "modelIds": null
            },
            {
                "id": "HN78",
                "label": {
                    "uri": "HN78"
                },
                "type": "ColumnNode",
                "hNodeId": "HN78",
                "columnName": "unit_uri",
                "rdfLiteralType": null,
                "language": "",
                "userSemanticTypes": [
                    {
                        "hNodeId": "HN78",
                        "domain": {
                            "uri": "http://scharp.usc.isi.edu/ontology/AirUnit"
                        },
                        "type": {
                            "uri": "http://isi.edu/integration/karma/dev#classLink"
                        },
                        "origin": "User",
                        "confidenceScore": 1.0
                    }
                ],
                "learnedSemanticTypes": [
                    {
                        "hNodeId": "HN78",
                        "domain": {
                            "uri": "http://scharp.usc.isi.edu/ontology/AirUnit"
                        },
                        "type": {
                            "uri": "http://isi.edu/integration/karma/dev#classLink"
                        },
                        "origin": "TfIdfModel",
                        "confidenceScore": 0.946469173485009
                    },
                    {
                        "hNodeId": "HN78",
                        "domain": {
                            "uri": "http://scharp.usc.isi.edu/ontology/AirUnit"
                        },
                        "type": {
                            "uri": "http://scharp.usc.isi.edu/ontology/link16"
                        },
                        "origin": "TfIdfModel",
                        "confidenceScore": 0.05353082651499093
                    }
                ],
                "modelIds": null
            },
            {
                "id": "HN51",
                "label": {
                    "uri": "HN51"
                },
                "type": "ColumnNode",
                "hNodeId": "HN51",
                "columnName": "airbase_uri",
                "rdfLiteralType": null,
                "language": "",
                "userSemanticTypes": [
                    {
                        "hNodeId": "HN51",
                        "domain": {
                            "uri": "http://scharp.usc.isi.edu/ontology/Airbase"
                        },
                        "type": {
                            "uri": "http://isi.edu/integration/karma/dev#classLink"
                        },
                        "origin": "User",
                        "confidenceScore": 1.0
                    }
                ],
                "learnedSemanticTypes": null,
                "modelIds": null
            },
            {
                "id": "HN19",
                "label": {
                    "uri": "HN19"
                },
                "type": "ColumnNode",
                "hNodeId": "HN19",
                "columnName": "value",
                "rdfLiteralType": null,
                "language": "",
                "userSemanticTypes": [
                    {
                        "hNodeId": "HN19",
                        "domain": {
                            "uri": "http://scharp.usc.isi.edu/ontology/Airbase"
                        },
                        "type": {
                            "uri": "http://scharp.usc.isi.edu/ontology/name"
                        },
                        "origin": "User",
                        "confidenceScore": 1.0
                    }
                ],
                "learnedSemanticTypes": null,
                "modelIds": null
            },
            {
                "id": "HN11",
                "label": {
                    "uri": "HN11"
                },
                "type": "ColumnNode",
                "hNodeId": "HN11",
                "columnName": "unit",
                "rdfLiteralType": null,
                "language": "",
                "userSemanticTypes": [
                    {
                        "hNodeId": "HN11",
                        "domain": {
                            "uri": "http://scharp.usc.isi.edu/ontology/AirUnit"
                        },
                        "type": {
                            "uri": "http://scharp.usc.isi.edu/ontology/callsign"
                        },
                        "origin": "User",
                        "confidenceScore": 1.0
                    }
                ],
                "learnedSemanticTypes": null,
                "modelIds": null
            }
        ],
        "links": [
            {
                "id": "http://scharp.usc.isi.edu/ontology/AirUnit1---http://scharp.usc.isi.edu/ontology/inMission---http://scharp.usc.isi.edu/ontology/AirMission1",
                "weight": 0.009999999776482582,
                "type": "ObjectPropertyLink",
                "label": {
                    "uri": "http://scharp.usc.isi.edu/ontology/inMission"
                },
                "objectPropertyType": "Direct",
                "status": "ForcedByUser",
                "keyInfo": "None",
                "modelIds": null
            },
            {
                "id": "http://scharp.usc.isi.edu/ontology/AirUnit1---http://scharp.usc.isi.edu/ontology/location---http://scharp.usc.isi.edu/ontology/Airbase1",
                "weight": 0.009999999776482582,
                "type": "ObjectPropertyLink",
                "label": {
                    "uri": "http://scharp.usc.isi.edu/ontology/location"
                },
                "objectPropertyType": "WithoutDomainAndRange",
                "status": "ForcedByUser",
                "keyInfo": "None",
                "modelIds": null
            },
            {
                "id": "http://scharp.usc.isi.edu/ontology/Message1---http://scharp.usc.isi.edu/ontology/mention---http://scharp.usc.isi.edu/ontology/AirUnit1",
                "weight": 0.009999999776482582,
                "type": "ObjectPropertyLink",
                "label": {
                    "uri": "http://scharp.usc.isi.edu/ontology/mention"
                },
                "objectPropertyType": "WithOnlyDomain",
                "status": "ForcedByUser",
                "keyInfo": "None",
                "modelIds": null
            },
            {
                "id": "http://scharp.usc.isi.edu/ontology/AirMission1---http://scharp.usc.isi.edu/ontology/missionId---HN13",
                "weight": 0.01,
                "type": "DataPropertyLink",
                "label": {
                    "uri": "http://scharp.usc.isi.edu/ontology/missionId"
                },
                "status": "ForcedByUser",
                "keyInfo": "None",
                "modelIds": null
            },
            {
                "id": "http://scharp.usc.isi.edu/ontology/AirUnit1---http://scharp.usc.isi.edu/ontology/output---HN15",
                "weight": 0.01,
                "type": "DataPropertyLink",
                "label": {
                    "uri": "http://scharp.usc.isi.edu/ontology/output"
                },
                "status": "ForcedByUser",
                "keyInfo": "None",
                "modelIds": null
            },
            {
                "id": "http://scharp.usc.isi.edu/ontology/Message1---http://scharp.usc.isi.edu/ontology/timeStamp---HN9",
                "weight": 0.01,
                "type": "DataPropertyLink",
                "label": {
                    "uri": "http://scharp.usc.isi.edu/ontology/timeStamp"
                },
                "status": "ForcedByUser",
                "keyInfo": "None",
                "modelIds": null
            },
            {
                "id": "http://scharp.usc.isi.edu/ontology/AirUnit1---http://scharp.usc.isi.edu/ontology/link16---HN29",
                "weight": 0.01,
                "type": "DataPropertyLink",
                "label": {
                    "uri": "http://scharp.usc.isi.edu/ontology/link16"
                },
                "status": "ForcedByUser",
                "keyInfo": "None",
                "modelIds": null
            },
            {
                "id": "http://scharp.usc.isi.edu/ontology/AirMission1---http://isi.edu/integration/karma/dev#classLink---HN44",
                "weight": 0.01,
                "type": "ClassInstanceLink",
                "label": {
                    "uri": "http://isi.edu/integration/karma/dev#classLink"
                },
                "status": "ForcedByUser",
                "keyInfo": "UriOfInstance",
                "modelIds": null
            },
            {
                "id": "http://scharp.usc.isi.edu/ontology/AirUnit1---http://scharp.usc.isi.edu/ontology/action---HN17",
                "weight": 0.01,
                "type": "DataPropertyLink",
                "label": {
                    "uri": "http://scharp.usc.isi.edu/ontology/action"
                },
                "status": "ForcedByUser",
                "keyInfo": "None",
                "modelIds": null
            },
            {
                "id": "http://scharp.usc.isi.edu/ontology/AirUnit1---http://isi.edu/integration/karma/dev#classLink---HN78",
                "weight": 0.01,
                "type": "ClassInstanceLink",
                "label": {
                    "uri": "http://isi.edu/integration/karma/dev#classLink"
                },
                "status": "ForcedByUser",
                "keyInfo": "UriOfInstance",
                "modelIds": null
            },
            {
                "id": "http://scharp.usc.isi.edu/ontology/Airbase1---http://isi.edu/integration/karma/dev#classLink---HN51",
                "weight": 0.01,
                "type": "ClassInstanceLink",
                "label": {
                    "uri": "http://isi.edu/integration/karma/dev#classLink"
                },
                "status": "ForcedByUser",
                "keyInfo": "UriOfInstance",
                "modelIds": null
            },
            {
                "id": "http://scharp.usc.isi.edu/ontology/Airbase1---http://scharp.usc.isi.edu/ontology/name---HN19",
                "weight": 0.01,
                "type": "DataPropertyLink",
                "label": {
                    "uri": "http://scharp.usc.isi.edu/ontology/name"
                },
                "status": "ForcedByUser",
                "keyInfo": "None",
                "modelIds": null
            },
            {
                "id": "http://scharp.usc.isi.edu/ontology/AirUnit1---http://scharp.usc.isi.edu/ontology/callsign---HN11",
                "weight": 0.01,
                "type": "DataPropertyLink",
                "label": {
                    "uri": "http://scharp.usc.isi.edu/ontology/callsign"
                },
                "status": "ForcedByUser",
                "keyInfo": "None",
                "modelIds": null
            }
        ]
    }
}