{
    "id": "Airbases.xml",
    "name": "Airbases.xml",
    "description": null,
    "sourceColumns": [
        {
            "id": "HN219",
            "hNodeId": "HN219",
            "columnName": "ShipName"
        },
        {
            "id": "HN217",
            "hNodeId": "HN217",
            "columnName": "ScenarioName"
        },
        {
            "id": "HN203",
            "hNodeId": "HN203",
            "columnName": "Index"
        },
        {
            "id": "HN207",
            "hNodeId": "HN207",
            "columnName": "Longitude"
        },
        {
            "id": "HN213",
            "hNodeId": "HN213",
            "columnName": "OperatingStatus"
        },
        {
            "id": "HN205",
            "hNodeId": "HN205",
            "columnName": "Latitude"
        },
        {
            "id": "HN197",
            "hNodeId": "HN197",
            "columnName": "CurrentStatus"
        },
        {
            "id": "HN312",
            "hNodeId": "HN312",
            "columnName": "airbase_uri"
        },
        {
            "id": "HN209",
            "hNodeId": "HN209",
            "columnName": "Name"
        },
        {
            "id": "HN199",
            "hNodeId": "HN199",
            "columnName": "FacilityName"
        }
    ],
    "mappingToSourceColumns": [
        {
            "id": "HN219",
            "sourceColumnId": "HN219"
        },
        {
            "id": "HN217",
            "sourceColumnId": "HN217"
        },
        {
            "id": "HN203",
            "sourceColumnId": "HN203"
        },
        {
            "id": "HN207",
            "sourceColumnId": "HN207"
        },
        {
            "id": "HN213",
            "sourceColumnId": "HN213"
        },
        {
            "id": "HN205",
            "sourceColumnId": "HN205"
        },
        {
            "id": "HN197",
            "sourceColumnId": "HN197"
        },
        {
            "id": "HN199",
            "sourceColumnId": "HN199"
        },
        {
            "id": "HN209",
            "sourceColumnId": "HN209"
        },
        {
            "id": "HN312",
            "sourceColumnId": "HN312"
        }
    ],
    "graph": {
        "nodes": [
            {
                "id": "http://scharp.usc.isi.edu/ontology/Airbase1",
                "label": {
                    "uri": "http://scharp.usc.isi.edu/ontology/Airbase"
                },
                "type": "InternalNode",
                "modelIds": null
            },
            {
                "id": "http://scharp.usc.isi.edu/ontology/Point1",
                "label": {
                    "uri": "http://scharp.usc.isi.edu/ontology/Point"
                },
                "type": "InternalNode",
                "modelIds": null
            },
            {
                "id": "HN219",
                "label": {
                    "uri": "HN219"
                },
                "type": "ColumnNode",
                "hNodeId": "HN219",
                "columnName": "ShipName",
                "rdfLiteralType": null,
                "language": "",
                "userSemanticTypes": [
                    {
                        "hNodeId": "HN219",
                        "domain": {
                            "uri": "http://scharp.usc.isi.edu/ontology/Airbase"
                        },
                        "type": {
                            "uri": "http://scharp.usc.isi.edu/ontology/shipName"
                        },
                        "origin": "User",
                        "confidenceScore": 1.0
                    }
                ],
                "learnedSemanticTypes": null,
                "modelIds": null
            },
            {
                "id": "HN217",
                "label": {
                    "uri": "HN217"
                },
                "type": "ColumnNode",
                "hNodeId": "HN217",
                "columnName": "ScenarioName",
                "rdfLiteralType": null,
                "language": "",
                "userSemanticTypes": [
                    {
                        "hNodeId": "HN217",
                        "domain": {
                            "uri": "http://scharp.usc.isi.edu/ontology/Airbase"
                        },
                        "type": {
                            "uri": "http://scharp.usc.isi.edu/ontology/scenarioName"
                        },
                        "origin": "User",
                        "confidenceScore": 1.0
                    }
                ],
                "learnedSemanticTypes": null,
                "modelIds": null
            },
            {
                "id": "HN203",
                "label": {
                    "uri": "HN203"
                },
                "type": "ColumnNode",
                "hNodeId": "HN203",
                "columnName": "Index",
                "rdfLiteralType": null,
                "language": "",
                "userSemanticTypes": [
                    {
                        "hNodeId": "HN203",
                        "domain": {
                            "uri": "http://scharp.usc.isi.edu/ontology/Airbase"
                        },
                        "type": {
                            "uri": "http://scharp.usc.isi.edu/ontology/index"
                        },
                        "origin": "User",
                        "confidenceScore": 1.0
                    }
                ],
                "learnedSemanticTypes": null,
                "modelIds": null
            },
            {
                "id": "HN207",
                "label": {
                    "uri": "HN207"
                },
                "type": "ColumnNode",
                "hNodeId": "HN207",
                "columnName": "Longitude",
                "rdfLiteralType": {
                    "uri": "http://www.w3.org/2001/XMLSchema#float"
                },
                "language": "",
                "userSemanticTypes": [
                    {
                        "hNodeId": "HN207",
                        "domain": {
                            "uri": "http://scharp.usc.isi.edu/ontology/Point"
                        },
                        "type": {
                            "uri": "http://scharp.usc.isi.edu/ontology/longitude"
                        },
                        "origin": "User",
                        "confidenceScore": 1.0
                    }
                ],
                "learnedSemanticTypes": null,
                "modelIds": null
            },
            {
                "id": "HN213",
                "label": {
                    "uri": "HN213"
                },
                "type": "ColumnNode",
                "hNodeId": "HN213",
                "columnName": "OperatingStatus",
                "rdfLiteralType": null,
                "language": "",
                "userSemanticTypes": [
                    {
                        "hNodeId": "HN213",
                        "domain": {
                            "uri": "http://scharp.usc.isi.edu/ontology/Airbase"
                        },
                        "type": {
                            "uri": "http://scharp.usc.isi.edu/ontology/operatingStatus"
                        },
                        "origin": "User",
                        "confidenceScore": 1.0
                    }
                ],
                "learnedSemanticTypes": null,
                "modelIds": null
            },
            {
                "id": "HN205",
                "label": {
                    "uri": "HN205"
                },
                "type": "ColumnNode",
                "hNodeId": "HN205",
                "columnName": "Latitude",
                "rdfLiteralType": {
                    "uri": "http://www.w3.org/2001/XMLSchema#float"
                },
                "language": "",
                "userSemanticTypes": [
                    {
                        "hNodeId": "HN205",
                        "domain": {
                            "uri": "http://scharp.usc.isi.edu/ontology/Point"
                        },
                        "type": {
                            "uri": "http://scharp.usc.isi.edu/ontology/latitude"
                        },
                        "origin": "User",
                        "confidenceScore": 1.0
                    }
                ],
                "learnedSemanticTypes": null,
                "modelIds": null
            },
            {
                "id": "HN197",
                "label": {
                    "uri": "HN197"
                },
                "type": "ColumnNode",
                "hNodeId": "HN197",
                "columnName": "CurrentStatus",
                "rdfLiteralType": null,
                "language": "",
                "userSemanticTypes": [
                    {
                        "hNodeId": "HN197",
                        "domain": {
                            "uri": "http://scharp.usc.isi.edu/ontology/Airbase"
                        },
                        "type": {
                            "uri": "http://scharp.usc.isi.edu/ontology/currentStatus"
                        },
                        "origin": "User",
                        "confidenceScore": 1.0
                    }
                ],
                "learnedSemanticTypes": null,
                "modelIds": null
            },
            {
                "id": "HN312",
                "label": {
                    "uri": "HN312"
                },
                "type": "ColumnNode",
                "hNodeId": "HN312",
                "columnName": "airbase_uri",
                "rdfLiteralType": null,
                "language": "",
                "userSemanticTypes": [
                    {
                        "hNodeId": "HN312",
                        "domain": {
                            "uri": "http://scharp.usc.isi.edu/ontology/Airbase"
                        },
                        "type": {
                            "uri": "http://isi.edu/integration/karma/dev#classLink"
                        },
                        "origin": "User",
                        "confidenceScore": 1.0
                    }
                ],
                "learnedSemanticTypes": null,
                "modelIds": null
            },
            {
                "id": "HN209",
                "label": {
                    "uri": "HN209"
                },
                "type": "ColumnNode",
                "hNodeId": "HN209",
                "columnName": "Name",
                "rdfLiteralType": null,
                "language": "",
                "userSemanticTypes": [
                    {
                        "hNodeId": "HN209",
                        "domain": {
                            "uri": "http://scharp.usc.isi.edu/ontology/Airbase"
                        },
                        "type": {
                            "uri": "http://scharp.usc.isi.edu/ontology/name"
                        },
                        "origin": "User",
                        "confidenceScore": 1.0
                    }
                ],
                "learnedSemanticTypes": null,
                "modelIds": null
            },
            {
                "id": "HN199",
                "label": {
                    "uri": "HN199"
                },
                "type": "ColumnNode",
                "hNodeId": "HN199",
                "columnName": "FacilityName",
                "rdfLiteralType": null,
                "language": "",
                "userSemanticTypes": [
                    {
                        "hNodeId": "HN199",
                        "domain": {
                            "uri": "http://scharp.usc.isi.edu/ontology/Airbase"
                        },
                        "type": {
                            "uri": "http://scharp.usc.isi.edu/ontology/facilityName"
                        },
                        "origin": "User",
                        "confidenceScore": 1.0
                    }
                ],
                "learnedSemanticTypes": null,
                "modelIds": null
            }
        ],
        "links": [
            {
                "id": "http://scharp.usc.isi.edu/ontology/Airbase1---http://scharp.usc.isi.edu/ontology/locatein---http://scharp.usc.isi.edu/ontology/Point1",
                "weight": 0.009999999776482582,
                "type": "ObjectPropertyLink",
                "label": {
                    "uri": "http://scharp.usc.isi.edu/ontology/locatein"
                },
                "objectPropertyType": "None",
                "status": "ForcedByUser",
                "keyInfo": "None",
                "modelIds": null
            },
            {
                "id": "http://scharp.usc.isi.edu/ontology/Airbase1---http://scharp.usc.isi.edu/ontology/shipName---HN219",
                "weight": 0.01,
                "type": "DataPropertyLink",
                "label": {
                    "uri": "http://scharp.usc.isi.edu/ontology/shipName"
                },
                "status": "ForcedByUser",
                "keyInfo": "None",
                "modelIds": null
            },
            {
                "id": "http://scharp.usc.isi.edu/ontology/Airbase1---http://scharp.usc.isi.edu/ontology/scenarioName---HN217",
                "weight": 0.01,
                "type": "DataPropertyLink",
                "label": {
                    "uri": "http://scharp.usc.isi.edu/ontology/scenarioName"
                },
                "status": "ForcedByUser",
                "keyInfo": "None",
                "modelIds": null
            },
            {
                "id": "http://scharp.usc.isi.edu/ontology/Airbase1---http://scharp.usc.isi.edu/ontology/index---HN203",
                "weight": 0.01,
                "type": "DataPropertyLink",
                "label": {
                    "uri": "http://scharp.usc.isi.edu/ontology/index"
                },
                "status": "ForcedByUser",
                "keyInfo": "None",
                "modelIds": null
            },
            {
                "id": "http://scharp.usc.isi.edu/ontology/Point1---http://scharp.usc.isi.edu/ontology/longitude---HN207",
                "weight": 0.01,
                "type": "DataPropertyLink",
                "label": {
                    "uri": "http://scharp.usc.isi.edu/ontology/longitude"
                },
                "status": "ForcedByUser",
                "keyInfo": "None",
                "modelIds": null
            },
            {
                "id": "http://scharp.usc.isi.edu/ontology/Airbase1---http://scharp.usc.isi.edu/ontology/operatingStatus---HN213",
                "weight": 0.01,
                "type": "DataPropertyLink",
                "label": {
                    "uri": "http://scharp.usc.isi.edu/ontology/operatingStatus"
                },
                "status": "ForcedByUser",
                "keyInfo": "None",
                "modelIds": null
            },
            {
                "id": "http://scharp.usc.isi.edu/ontology/Point1---http://scharp.usc.isi.edu/ontology/latitude---HN205",
                "weight": 0.01,
                "type": "DataPropertyLink",
                "label": {
                    "uri": "http://scharp.usc.isi.edu/ontology/latitude"
                },
                "status": "ForcedByUser",
                "keyInfo": "None",
                "modelIds": null
            },
            {
                "id": "http://scharp.usc.isi.edu/ontology/Airbase1---http://scharp.usc.isi.edu/ontology/currentStatus---HN197",
                "weight": 0.01,
                "type": "DataPropertyLink",
                "label": {
                    "uri": "http://scharp.usc.isi.edu/ontology/currentStatus"
                },
                "status": "ForcedByUser",
                "keyInfo": "None",
                "modelIds": null
            },
            {
                "id": "http://scharp.usc.isi.edu/ontology/Airbase1---http://isi.edu/integration/karma/dev#classLink---HN312",
                "weight": 0.01,
                "type": "ClassInstanceLink",
                "label": {
                    "uri": "http://isi.edu/integration/karma/dev#classLink"
                },
                "status": "ForcedByUser",
                "keyInfo": "UriOfInstance",
                "modelIds": null
            },
            {
                "id": "http://scharp.usc.isi.edu/ontology/Airbase1---http://scharp.usc.isi.edu/ontology/name---HN209",
                "weight": 0.01,
                "type": "DataPropertyLink",
                "label": {
                    "uri": "http://scharp.usc.isi.edu/ontology/name"
                },
                "status": "ForcedByUser",
                "keyInfo": "None",
                "modelIds": null
            },
            {
                "id": "http://scharp.usc.isi.edu/ontology/Airbase1---http://scharp.usc.isi.edu/ontology/facilityName---HN199",
                "weight": 0.01,
                "type": "DataPropertyLink",
                "label": {
                    "uri": "http://scharp.usc.isi.edu/ontology/facilityName"
                },
                "status": "ForcedByUser",
                "keyInfo": "None",
                "modelIds": null
            }
        ]
    }
}