{
    "id": "AircraftSCLs.xml",
    "name": "AircraftSCLs.xml",
    "description": null,
    "sourceColumns": [
        {
            "id": "HN29",
            "hNodeId": "HN29",
            "columnName": "ScenarioName"
        },
        {
            "id": "HN27",
            "hNodeId": "HN27",
            "columnName": "Quantity"
        },
        {
            "id": "HN19",
            "hNodeId": "HN19",
            "columnName": "AircraftType"
        },
        {
            "id": "HN25",
            "hNodeId": "HN25",
            "columnName": "Index"
        },
        {
            "id": "HN31",
            "hNodeId": "HN31",
            "columnName": "Source"
        },
        {
            "id": "HN23",
            "hNodeId": "HN23",
            "columnName": "ConfigurationName"
        },
        {
            "id": "HN33",
            "hNodeId": "HN33",
            "columnName": "Team"
        },
        {
            "id": "HN21",
            "hNodeId": "HN21",
            "columnName": "ComponentName"
        },
        {
            "id": "HN1836",
            "hNodeId": "HN1836",
            "columnName": "scl_uri"
        }
    ],
    "mappingToSourceColumns": [
        {
            "id": "HN29",
            "sourceColumnId": "HN29"
        },
        {
            "id": "HN27",
            "sourceColumnId": "HN27"
        },
        {
            "id": "HN19",
            "sourceColumnId": "HN19"
        },
        {
            "id": "HN25",
            "sourceColumnId": "HN25"
        },
        {
            "id": "HN31",
            "sourceColumnId": "HN31"
        },
        {
            "id": "HN23",
            "sourceColumnId": "HN23"
        },
        {
            "id": "HN33",
            "sourceColumnId": "HN33"
        },
        {
            "id": "HN21",
            "sourceColumnId": "HN21"
        },
        {
            "id": "HN1836",
            "sourceColumnId": "HN1836"
        }
    ],
    "graph": {
        "nodes": [
            {
                "id": "http://scharp.usc.isi.edu/ontology/SCL1",
                "label": {
                    "uri": "http://scharp.usc.isi.edu/ontology/SCL"
                },
                "type": "InternalNode",
                "modelIds": null
            },
            {
                "id": "http://scharp.usc.isi.edu/ontology/SCLDetail1",
                "label": {
                    "uri": "http://scharp.usc.isi.edu/ontology/SCLDetail"
                },
                "type": "InternalNode",
                "modelIds": null
            },
            {
                "id": "HN29",
                "label": {
                    "uri": "HN29"
                },
                "type": "ColumnNode",
                "hNodeId": "HN29",
                "columnName": "ScenarioName",
                "rdfLiteralType": null,
                "language": "",
                "userSemanticTypes": [
                    {
                        "hNodeId": "HN29",
                        "domain": {
                            "uri": "http://scharp.usc.isi.edu/ontology/SCLDetail"
                        },
                        "type": {
                            "uri": "http://scharp.usc.isi.edu/ontology/aircraftType"
                        },
                        "origin": "User",
                        "confidenceScore": 1.0
                    }
                ],
                "learnedSemanticTypes": [],
                "modelIds": null
            },
            {
                "id": "HN27",
                "label": {
                    "uri": "HN27"
                },
                "type": "ColumnNode",
                "hNodeId": "HN27",
                "columnName": "Quantity",
                "rdfLiteralType": null,
                "language": "",
                "userSemanticTypes": [
                    {
                        "hNodeId": "HN27",
                        "domain": {
                            "uri": "http://scharp.usc.isi.edu/ontology/SCLDetail"
                        },
                        "type": {
                            "uri": "http://scharp.usc.isi.edu/ontology/quantity"
                        },
                        "origin": "User",
                        "confidenceScore": 1.0
                    }
                ],
                "learnedSemanticTypes": [
                    {
                        "hNodeId": "HN27",
                        "domain": {
                            "uri": "http://scharp.usc.isi.edu/ontology/SAMSite"
                        },
                        "type": {
                            "uri": "http://scharp.usc.isi.edu/ontology/team"
                        },
                        "origin": "TfIdfModel",
                        "confidenceScore": 0.49999999999996514
                    },
                    {
                        "hNodeId": "HN27",
                        "domain": {
                            "uri": "http://scharp.usc.isi.edu/ontology/SAMSite"
                        },
                        "type": {
                            "uri": "http://scharp.usc.isi.edu/ontology/originalTeam"
                        },
                        "origin": "TfIdfModel",
                        "confidenceScore": 0.49999999999996514
                    },
                    {
                        "hNodeId": "HN27",
                        "domain": {
                            "uri": "http://scharp.usc.isi.edu/ontology/SAMSite"
                        },
                        "type": {
                            "uri": "http://scharp.usc.isi.edu/ontology/index"
                        },
                        "origin": "TfIdfModel",
                        "confidenceScore": 9.954156793372397E-15
                    },
                    {
                        "hNodeId": "HN27",
                        "domain": {
                            "uri": "http://scharp.usc.isi.edu/ontology/Point"
                        },
                        "type": {
                            "uri": "http://scharp.usc.isi.edu/ontology/longitude"
                        },
                        "origin": "TfIdfModel",
                        "confidenceScore": 9.954156793372397E-15
                    },
                    {
                        "hNodeId": "HN27",
                        "domain": {
                            "uri": "http://scharp.usc.isi.edu/ontology/SAMSite"
                        },
                        "type": {
                            "uri": "http://scharp.usc.isi.edu/ontology/surRange"
                        },
                        "origin": "TfIdfModel",
                        "confidenceScore": 9.954156793372397E-15
                    },
                    {
                        "hNodeId": "HN27",
                        "domain": {
                            "uri": "http://scharp.usc.isi.edu/ontology/SAMSite"
                        },
                        "type": {
                            "uri": "http://scharp.usc.isi.edu/ontology/engRange"
                        },
                        "origin": "TfIdfModel",
                        "confidenceScore": 9.954156793372397E-15
                    },
                    {
                        "hNodeId": "HN27",
                        "domain": {
                            "uri": "http://scharp.usc.isi.edu/ontology/SAMSite"
                        },
                        "type": {
                            "uri": "http://scharp.usc.isi.edu/ontology/include"
                        },
                        "origin": "TfIdfModel",
                        "confidenceScore": 9.954156793372397E-15
                    },
                    {
                        "hNodeId": "HN27",
                        "domain": {
                            "uri": "http://scharp.usc.isi.edu/ontology/Point"
                        },
                        "type": {
                            "uri": "http://scharp.usc.isi.edu/ontology/latitude"
                        },
                        "origin": "TfIdfModel",
                        "confidenceScore": 9.954156793372397E-15
                    },
                    {
                        "hNodeId": "HN27",
                        "domain": {
                            "uri": "http://scharp.usc.isi.edu/ontology/SAMSite"
                        },
                        "type": {
                            "uri": "http://scharp.usc.isi.edu/ontology/numMissiles"
                        },
                        "origin": "TfIdfModel",
                        "confidenceScore": 9.954156793372397E-15
                    },
                    {
                        "hNodeId": "HN27",
                        "domain": {
                            "uri": "http://scharp.usc.isi.edu/ontology/SCLDetail"
                        },
                        "type": {
                            "uri": "http://scharp.usc.isi.edu/ontology/team"
                        },
                        "origin": "TfIdfModel",
                        "confidenceScore": 0.0
                    },
                    {
                        "hNodeId": "HN27",
                        "domain": {
                            "uri": "http://scharp.usc.isi.edu/ontology/Airbase"
                        },
                        "type": {
                            "uri": "http://scharp.usc.isi.edu/ontology/index"
                        },
                        "origin": "TfIdfModel",
                        "confidenceScore": 0.0
                    },
                    {
                        "hNodeId": "HN27",
                        "domain": {
                            "uri": "http://scharp.usc.isi.edu/ontology/Target"
                        },
                        "type": {
                            "uri": "http://scharp.usc.isi.edu/ontology/Priority"
                        },
                        "origin": "TfIdfModel",
                        "confidenceScore": 0.0
                    }
                ],
                "modelIds": null
            },
            {
                "id": "HN19",
                "label": {
                    "uri": "HN19"
                },
                "type": "ColumnNode",
                "hNodeId": "HN19",
                "columnName": "AircraftType",
                "rdfLiteralType": null,
                "language": "",
                "userSemanticTypes": [
                    {
                        "hNodeId": "HN19",
                        "domain": {
                            "uri": "http://scharp.usc.isi.edu/ontology/SCLDetail"
                        },
                        "type": {
                            "uri": "http://scharp.usc.isi.edu/ontology/aircraftType"
                        },
                        "origin": "User",
                        "confidenceScore": 1.0
                    }
                ],
                "learnedSemanticTypes": [],
                "modelIds": null
            },
            {
                "id": "HN25",
                "label": {
                    "uri": "HN25"
                },
                "type": "ColumnNode",
                "hNodeId": "HN25",
                "columnName": "Index",
                "rdfLiteralType": null,
                "language": "",
                "userSemanticTypes": [
                    {
                        "hNodeId": "HN25",
                        "domain": {
                            "uri": "http://scharp.usc.isi.edu/ontology/SCLDetail"
                        },
                        "type": {
                            "uri": "http://scharp.usc.isi.edu/ontology/index"
                        },
                        "origin": "User",
                        "confidenceScore": 1.0
                    }
                ],
                "learnedSemanticTypes": [
                    {
                        "hNodeId": "HN25",
                        "domain": {
                            "uri": "http://scharp.usc.isi.edu/ontology/Airbase"
                        },
                        "type": {
                            "uri": "http://scharp.usc.isi.edu/ontology/index"
                        },
                        "origin": "TfIdfModel",
                        "confidenceScore": 0.9988767871395383
                    },
                    {
                        "hNodeId": "HN25",
                        "domain": {
                            "uri": "http://scharp.usc.isi.edu/ontology/SAMSite"
                        },
                        "type": {
                            "uri": "http://scharp.usc.isi.edu/ontology/index"
                        },
                        "origin": "TfIdfModel",
                        "confidenceScore": 0.0011232128597313566
                    },
                    {
                        "hNodeId": "HN25",
                        "domain": {
                            "uri": "http://scharp.usc.isi.edu/ontology/SAMSite"
                        },
                        "type": {
                            "uri": "http://scharp.usc.isi.edu/ontology/team"
                        },
                        "origin": "TfIdfModel",
                        "confidenceScore": 9.129435020069362E-14
                    },
                    {
                        "hNodeId": "HN25",
                        "domain": {
                            "uri": "http://scharp.usc.isi.edu/ontology/SAMSite"
                        },
                        "type": {
                            "uri": "http://scharp.usc.isi.edu/ontology/originalTeam"
                        },
                        "origin": "TfIdfModel",
                        "confidenceScore": 9.129435020069362E-14
                    },
                    {
                        "hNodeId": "HN25",
                        "domain": {
                            "uri": "http://scharp.usc.isi.edu/ontology/Point"
                        },
                        "type": {
                            "uri": "http://scharp.usc.isi.edu/ontology/longitude"
                        },
                        "origin": "TfIdfModel",
                        "confidenceScore": 9.129435020069362E-14
                    },
                    {
                        "hNodeId": "HN25",
                        "domain": {
                            "uri": "http://scharp.usc.isi.edu/ontology/SAMSite"
                        },
                        "type": {
                            "uri": "http://scharp.usc.isi.edu/ontology/surRange"
                        },
                        "origin": "TfIdfModel",
                        "confidenceScore": 9.129435020069362E-14
                    },
                    {
                        "hNodeId": "HN25",
                        "domain": {
                            "uri": "http://scharp.usc.isi.edu/ontology/SAMSite"
                        },
                        "type": {
                            "uri": "http://scharp.usc.isi.edu/ontology/engRange"
                        },
                        "origin": "TfIdfModel",
                        "confidenceScore": 9.129435020069362E-14
                    },
                    {
                        "hNodeId": "HN25",
                        "domain": {
                            "uri": "http://scharp.usc.isi.edu/ontology/SAMSite"
                        },
                        "type": {
                            "uri": "http://scharp.usc.isi.edu/ontology/include"
                        },
                        "origin": "TfIdfModel",
                        "confidenceScore": 9.129435020069362E-14
                    },
                    {
                        "hNodeId": "HN25",
                        "domain": {
                            "uri": "http://scharp.usc.isi.edu/ontology/Point"
                        },
                        "type": {
                            "uri": "http://scharp.usc.isi.edu/ontology/latitude"
                        },
                        "origin": "TfIdfModel",
                        "confidenceScore": 9.129435020069362E-14
                    },
                    {
                        "hNodeId": "HN25",
                        "domain": {
                            "uri": "http://scharp.usc.isi.edu/ontology/SAMSite"
                        },
                        "type": {
                            "uri": "http://scharp.usc.isi.edu/ontology/numMissiles"
                        },
                        "origin": "TfIdfModel",
                        "confidenceScore": 9.129435020069362E-14
                    },
                    {
                        "hNodeId": "HN25",
                        "domain": {
                            "uri": "http://scharp.usc.isi.edu/ontology/SCLDetail"
                        },
                        "type": {
                            "uri": "http://scharp.usc.isi.edu/ontology/quantity"
                        },
                        "origin": "TfIdfModel",
                        "confidenceScore": 0.0
                    },
                    {
                        "hNodeId": "HN25",
                        "domain": {
                            "uri": "http://scharp.usc.isi.edu/ontology/SCLDetail"
                        },
                        "type": {
                            "uri": "http://scharp.usc.isi.edu/ontology/team"
                        },
                        "origin": "TfIdfModel",
                        "confidenceScore": 0.0
                    },
                    {
                        "hNodeId": "HN25",
                        "domain": {
                            "uri": "http://scharp.usc.isi.edu/ontology/Target"
                        },
                        "type": {
                            "uri": "http://scharp.usc.isi.edu/ontology/Priority"
                        },
                        "origin": "TfIdfModel",
                        "confidenceScore": 0.0
                    }
                ],
                "modelIds": null
            },
            {
                "id": "HN31",
                "label": {
                    "uri": "HN31"
                },
                "type": "ColumnNode",
                "hNodeId": "HN31",
                "columnName": "Source",
                "rdfLiteralType": null,
                "language": "",
                "userSemanticTypes": [
                    {
                        "hNodeId": "HN31",
                        "domain": {
                            "uri": "http://scharp.usc.isi.edu/ontology/SCLDetail"
                        },
                        "type": {
                            "uri": "http://scharp.usc.isi.edu/ontology/source"
                        },
                        "origin": "User",
                        "confidenceScore": 1.0
                    }
                ],
                "learnedSemanticTypes": [],
                "modelIds": null
            },
            {
                "id": "HN23",
                "label": {
                    "uri": "HN23"
                },
                "type": "ColumnNode",
                "hNodeId": "HN23",
                "columnName": "ConfigurationName",
                "rdfLiteralType": null,
                "language": "",
                "userSemanticTypes": [
                    {
                        "hNodeId": "HN23",
                        "domain": {
                            "uri": "http://scharp.usc.isi.edu/ontology/SCL"
                        },
                        "type": {
                            "uri": "http://scharp.usc.isi.edu/ontology/configurationName"
                        },
                        "origin": "User",
                        "confidenceScore": 1.0
                    }
                ],
                "learnedSemanticTypes": [],
                "modelIds": null
            },
            {
                "id": "HN33",
                "label": {
                    "uri": "HN33"
                },
                "type": "ColumnNode",
                "hNodeId": "HN33",
                "columnName": "Team",
                "rdfLiteralType": null,
                "language": "",
                "userSemanticTypes": [
                    {
                        "hNodeId": "HN33",
                        "domain": {
                            "uri": "http://scharp.usc.isi.edu/ontology/SCLDetail"
                        },
                        "type": {
                            "uri": "http://scharp.usc.isi.edu/ontology/team"
                        },
                        "origin": "User",
                        "confidenceScore": 1.0
                    }
                ],
                "learnedSemanticTypes": [
                    {
                        "hNodeId": "HN33",
                        "domain": {
                            "uri": "http://scharp.usc.isi.edu/ontology/SAMSite"
                        },
                        "type": {
                            "uri": "http://scharp.usc.isi.edu/ontology/include"
                        },
                        "origin": "TfIdfModel",
                        "confidenceScore": 0.9999999999999958
                    },
                    {
                        "hNodeId": "HN33",
                        "domain": {
                            "uri": "http://scharp.usc.isi.edu/ontology/SAMSite"
                        },
                        "type": {
                            "uri": "http://scharp.usc.isi.edu/ontology/team"
                        },
                        "origin": "TfIdfModel",
                        "confidenceScore": 5.206266036879011E-16
                    },
                    {
                        "hNodeId": "HN33",
                        "domain": {
                            "uri": "http://scharp.usc.isi.edu/ontology/SAMSite"
                        },
                        "type": {
                            "uri": "http://scharp.usc.isi.edu/ontology/originalTeam"
                        },
                        "origin": "TfIdfModel",
                        "confidenceScore": 5.206266036879011E-16
                    },
                    {
                        "hNodeId": "HN33",
                        "domain": {
                            "uri": "http://scharp.usc.isi.edu/ontology/SAMSite"
                        },
                        "type": {
                            "uri": "http://scharp.usc.isi.edu/ontology/index"
                        },
                        "origin": "TfIdfModel",
                        "confidenceScore": 5.206266036879011E-16
                    },
                    {
                        "hNodeId": "HN33",
                        "domain": {
                            "uri": "http://scharp.usc.isi.edu/ontology/Point"
                        },
                        "type": {
                            "uri": "http://scharp.usc.isi.edu/ontology/longitude"
                        },
                        "origin": "TfIdfModel",
                        "confidenceScore": 5.206266036879011E-16
                    },
                    {
                        "hNodeId": "HN33",
                        "domain": {
                            "uri": "http://scharp.usc.isi.edu/ontology/SAMSite"
                        },
                        "type": {
                            "uri": "http://scharp.usc.isi.edu/ontology/surRange"
                        },
                        "origin": "TfIdfModel",
                        "confidenceScore": 5.206266036879011E-16
                    },
                    {
                        "hNodeId": "HN33",
                        "domain": {
                            "uri": "http://scharp.usc.isi.edu/ontology/SAMSite"
                        },
                        "type": {
                            "uri": "http://scharp.usc.isi.edu/ontology/engRange"
                        },
                        "origin": "TfIdfModel",
                        "confidenceScore": 5.206266036879011E-16
                    },
                    {
                        "hNodeId": "HN33",
                        "domain": {
                            "uri": "http://scharp.usc.isi.edu/ontology/Point"
                        },
                        "type": {
                            "uri": "http://scharp.usc.isi.edu/ontology/latitude"
                        },
                        "origin": "TfIdfModel",
                        "confidenceScore": 5.206266036879011E-16
                    },
                    {
                        "hNodeId": "HN33",
                        "domain": {
                            "uri": "http://scharp.usc.isi.edu/ontology/SAMSite"
                        },
                        "type": {
                            "uri": "http://scharp.usc.isi.edu/ontology/numMissiles"
                        },
                        "origin": "TfIdfModel",
                        "confidenceScore": 5.206266036879011E-16
                    },
                    {
                        "hNodeId": "HN33",
                        "domain": {
                            "uri": "http://scharp.usc.isi.edu/ontology/Airbase"
                        },
                        "type": {
                            "uri": "http://scharp.usc.isi.edu/ontology/index"
                        },
                        "origin": "TfIdfModel",
                        "confidenceScore": 0.0
                    },
                    {
                        "hNodeId": "HN33",
                        "domain": {
                            "uri": "http://scharp.usc.isi.edu/ontology/Target"
                        },
                        "type": {
                            "uri": "http://scharp.usc.isi.edu/ontology/Priority"
                        },
                        "origin": "TfIdfModel",
                        "confidenceScore": 0.0
                    }
                ],
                "modelIds": null
            },
            {
                "id": "HN21",
                "label": {
                    "uri": "HN21"
                },
                "type": "ColumnNode",
                "hNodeId": "HN21",
                "columnName": "ComponentName",
                "rdfLiteralType": null,
                "language": "",
                "userSemanticTypes": [
                    {
                        "hNodeId": "HN21",
                        "domain": {
                            "uri": "http://scharp.usc.isi.edu/ontology/SCLDetail"
                        },
                        "type": {
                            "uri": "http://scharp.usc.isi.edu/ontology/componentName"
                        },
                        "origin": "User",
                        "confidenceScore": 1.0
                    }
                ],
                "learnedSemanticTypes": [
                    {
                        "hNodeId": "HN21",
                        "domain": {
                            "uri": "http://scharp.usc.isi.edu/ontology/Target"
                        },
                        "type": {
                            "uri": "http://scharp.usc.isi.edu/ontology/TargetName"
                        },
                        "origin": "TfIdfModel",
                        "confidenceScore": 0.5619518380052936
                    },
                    {
                        "hNodeId": "HN21",
                        "domain": {
                            "uri": "http://scharp.usc.isi.edu/ontology/JDPI"
                        },
                        "type": {
                            "uri": "http://scharp.usc.isi.edu/ontology/jdpiName"
                        },
                        "origin": "TfIdfModel",
                        "confidenceScore": 0.43804816199470636
                    }
                ],
                "modelIds": null
            },
            {
                "id": "HN1836",
                "label": {
                    "uri": "HN1836"
                },
                "type": "ColumnNode",
                "hNodeId": "HN1836",
                "columnName": "scl_uri",
                "rdfLiteralType": null,
                "language": "",
                "userSemanticTypes": [
                    {
                        "hNodeId": "HN1836",
                        "domain": {
                            "uri": "http://scharp.usc.isi.edu/ontology/SCL"
                        },
                        "type": {
                            "uri": "http://isi.edu/integration/karma/dev#classLink"
                        },
                        "origin": "User",
                        "confidenceScore": 1.0
                    }
                ],
                "learnedSemanticTypes": [
                    {
                        "hNodeId": "HN1836",
                        "domain": {
                            "uri": "http://scharp.usc.isi.edu/ontology/SCL"
                        },
                        "type": {
                            "uri": "http://scharp.usc.isi.edu/ontology/configurationName"
                        },
                        "origin": "TfIdfModel",
                        "confidenceScore": 1.0
                    }
                ],
                "modelIds": null
            }
        ],
        "links": [
            {
                "id": "http://scharp.usc.isi.edu/ontology/SCL1---http://scharp.usc.isi.edu/ontology/detail---http://scharp.usc.isi.edu/ontology/SCLDetail1",
                "weight": 0.009999999776482582,
                "type": "ObjectPropertyLink",
                "label": {
                    "uri": "http://scharp.usc.isi.edu/ontology/detail"
                },
                "objectPropertyType": "None",
                "status": "ForcedByUser",
                "keyInfo": "None",
                "modelIds": null
            },
            {
                "id": "http://scharp.usc.isi.edu/ontology/SCLDetail1---http://scharp.usc.isi.edu/ontology/aircraftType---HN29",
                "weight": 0.01,
                "type": "DataPropertyLink",
                "label": {
                    "uri": "http://scharp.usc.isi.edu/ontology/aircraftType"
                },
                "status": "ForcedByUser",
                "keyInfo": "None",
                "modelIds": null
            },
            {
                "id": "http://scharp.usc.isi.edu/ontology/SCLDetail1---http://scharp.usc.isi.edu/ontology/quantity---HN27",
                "weight": 0.01,
                "type": "DataPropertyLink",
                "label": {
                    "uri": "http://scharp.usc.isi.edu/ontology/quantity"
                },
                "status": "ForcedByUser",
                "keyInfo": "None",
                "modelIds": null
            },
            {
                "id": "http://scharp.usc.isi.edu/ontology/SCLDetail1---http://scharp.usc.isi.edu/ontology/aircraftType---HN19",
                "weight": 0.01,
                "type": "DataPropertyLink",
                "label": {
                    "uri": "http://scharp.usc.isi.edu/ontology/aircraftType"
                },
                "status": "ForcedByUser",
                "keyInfo": "None",
                "modelIds": null
            },
            {
                "id": "http://scharp.usc.isi.edu/ontology/SCLDetail1---http://scharp.usc.isi.edu/ontology/index---HN25",
                "weight": 0.01,
                "type": "DataPropertyLink",
                "label": {
                    "uri": "http://scharp.usc.isi.edu/ontology/index"
                },
                "status": "ForcedByUser",
                "keyInfo": "None",
                "modelIds": null
            },
            {
                "id": "http://scharp.usc.isi.edu/ontology/SCLDetail1---http://scharp.usc.isi.edu/ontology/source---HN31",
                "weight": 0.01,
                "type": "DataPropertyLink",
                "label": {
                    "uri": "http://scharp.usc.isi.edu/ontology/source"
                },
                "status": "ForcedByUser",
                "keyInfo": "None",
                "modelIds": null
            },
            {
                "id": "http://scharp.usc.isi.edu/ontology/SCL1---http://scharp.usc.isi.edu/ontology/configurationName---HN23",
                "weight": 0.01,
                "type": "DataPropertyLink",
                "label": {
                    "uri": "http://scharp.usc.isi.edu/ontology/configurationName"
                },
                "status": "ForcedByUser",
                "keyInfo": "None",
                "modelIds": null
            },
            {
                "id": "http://scharp.usc.isi.edu/ontology/SCLDetail1---http://scharp.usc.isi.edu/ontology/team---HN33",
                "weight": 0.01,
                "type": "DataPropertyLink",
                "label": {
                    "uri": "http://scharp.usc.isi.edu/ontology/team"
                },
                "status": "ForcedByUser",
                "keyInfo": "None",
                "modelIds": null
            },
            {
                "id": "http://scharp.usc.isi.edu/ontology/SCLDetail1---http://scharp.usc.isi.edu/ontology/componentName---HN21",
                "weight": 0.01,
                "type": "DataPropertyLink",
                "label": {
                    "uri": "http://scharp.usc.isi.edu/ontology/componentName"
                },
                "status": "ForcedByUser",
                "keyInfo": "None",
                "modelIds": null
            },
            {
                "id": "http://scharp.usc.isi.edu/ontology/SCL1---http://isi.edu/integration/karma/dev#classLink---HN1836",
                "weight": 0.01,
                "type": "ClassInstanceLink",
                "label": {
                    "uri": "http://isi.edu/integration/karma/dev#classLink"
                },
                "status": "ForcedByUser",
                "keyInfo": "UriOfInstance",
                "modelIds": null
            }
        ]
    }
}