{
    "id": "AirPlatformAndSystemStatus.json",
    "name": "AirPlatformAndSystemStatus.json",
    "description": null,
    "sourceColumns": [
        {
            "id": "HN1391",
            "hNodeId": "HN1391",
            "columnName": "bit_value"
        },
        {
            "id": "HN1503",
            "hNodeId": "HN1503",
            "columnName": "bit_value"
        },
        {
            "id": "HN1022",
            "hNodeId": "HN1022",
            "columnName": "descriptor"
        },
        {
            "id": "HN1477",
            "hNodeId": "HN1477",
            "columnName": "descriptor"
        },
        {
            "id": "HN1748",
            "hNodeId": "HN1748",
            "columnName": "stores2_uri"
        },
        {
            "id": "HN1723",
            "hNodeId": "HN1723",
            "columnName": "event_time"
        },
        {
            "id": "HN1713",
            "hNodeId": "HN1713",
            "columnName": "fuelQ"
        },
        {
            "id": "HN1455",
            "hNodeId": "HN1455",
            "columnName": "descriptor"
        },
        {
            "id": "HN1492",
            "hNodeId": "HN1492",
            "columnName": "bit_value"
        },
        {
            "id": "HN1466",
            "hNodeId": "HN1466",
            "columnName": "descriptor"
        },
        {
            "id": "HN1072",
            "hNodeId": "HN1072",
            "columnName": "descriptor"
        },
        {
            "id": "HN1758",
            "hNodeId": "HN1758",
            "columnName": "stores4_uri"
        },
        {
            "id": "HN1743",
            "hNodeId": "HN1743",
            "columnName": "stores1_uri"
        },
        {
            "id": "HN1728",
            "hNodeId": "HN1728",
            "columnName": "message_uri"
        },
        {
            "id": "HN1165",
            "hNodeId": "HN1165",
            "columnName": "descriptor"
        },
        {
            "id": "HN1753",
            "hNodeId": "HN1753",
            "columnName": "stores3_uri"
        },
        {
            "id": "HN1444",
            "hNodeId": "HN1444",
            "columnName": "descriptor"
        },
        {
            "id": "HN1426",
            "hNodeId": "HN1426",
            "columnName": "bit_value"
        },
        {
            "id": "HN1708",
            "hNodeId": "HN1708",
            "columnName": "unit_uri"
        },
        {
            "id": "HN1718",
            "hNodeId": "HN1718",
            "columnName": "fuelU"
        },
        {
            "id": "HN1111",
            "hNodeId": "HN1111",
            "columnName": "name"
        }
    ],
    "mappingToSourceColumns": [
        {
            "id": "HN1391",
            "sourceColumnId": "HN1391"
        },
        {
            "id": "HN1503",
            "sourceColumnId": "HN1503"
        },
        {
            "id": "HN1022",
            "sourceColumnId": "HN1022"
        },
        {
            "id": "HN1477",
            "sourceColumnId": "HN1477"
        },
        {
            "id": "HN1748",
            "sourceColumnId": "HN1748"
        },
        {
            "id": "HN1723",
            "sourceColumnId": "HN1723"
        },
        {
            "id": "HN1713",
            "sourceColumnId": "HN1713"
        },
        {
            "id": "HN1455",
            "sourceColumnId": "HN1455"
        },
        {
            "id": "HN1492",
            "sourceColumnId": "HN1492"
        },
        {
            "id": "HN1466",
            "sourceColumnId": "HN1466"
        },
        {
            "id": "HN1072",
            "sourceColumnId": "HN1072"
        },
        {
            "id": "HN1758",
            "sourceColumnId": "HN1758"
        },
        {
            "id": "HN1743",
            "sourceColumnId": "HN1743"
        },
        {
            "id": "HN1753",
            "sourceColumnId": "HN1753"
        },
        {
            "id": "HN1165",
            "sourceColumnId": "HN1165"
        },
        {
            "id": "HN1728",
            "sourceColumnId": "HN1728"
        },
        {
            "id": "HN1426",
            "sourceColumnId": "HN1426"
        },
        {
            "id": "HN1444",
            "sourceColumnId": "HN1444"
        },
        {
            "id": "HN1708",
            "sourceColumnId": "HN1708"
        },
        {
            "id": "HN1718",
            "sourceColumnId": "HN1718"
        },
        {
            "id": "HN1111",
            "sourceColumnId": "HN1111"
        }
    ],
    "graph": {
        "nodes": [
            {
                "id": "http://scharp.usc.isi.edu/ontology/AirUnit1",
                "label": {
                    "uri": "http://scharp.usc.isi.edu/ontology/AirUnit"
                },
                "type": "InternalNode",
                "modelIds": null
            },
            {
                "id": "http://scharp.usc.isi.edu/ontology/Stores1",
                "label": {
                    "uri": "http://scharp.usc.isi.edu/ontology/Stores"
                },
                "type": "InternalNode",
                "modelIds": null
            },
            {
                "id": "http://scharp.usc.isi.edu/ontology/Stores2",
                "label": {
                    "uri": "http://scharp.usc.isi.edu/ontology/Stores"
                },
                "type": "InternalNode",
                "modelIds": null
            },
            {
                "id": "http://scharp.usc.isi.edu/ontology/Stores3",
                "label": {
                    "uri": "http://scharp.usc.isi.edu/ontology/Stores"
                },
                "type": "InternalNode",
                "modelIds": null
            },
            {
                "id": "http://scharp.usc.isi.edu/ontology/Stores4",
                "label": {
                    "uri": "http://scharp.usc.isi.edu/ontology/Stores"
                },
                "type": "InternalNode",
                "modelIds": null
            },
            {
                "id": "http://scharp.usc.isi.edu/ontology/Message1",
                "label": {
                    "uri": "http://scharp.usc.isi.edu/ontology/Message"
                },
                "type": "InternalNode",
                "modelIds": null
            },
            {
                "id": "http://scharp.usc.isi.edu/ontology/Attributes1",
                "label": {
                    "uri": "http://scharp.usc.isi.edu/ontology/Attributes"
                },
                "type": "InternalNode",
                "modelIds": null
            },
            {
                "id": "HN1391",
                "label": {
                    "uri": "HN1391"
                },
                "type": "ColumnNode",
                "hNodeId": "HN1391",
                "columnName": "bit_value",
                "rdfLiteralType": null,
                "language": "",
                "userSemanticTypes": [
                    {
                        "hNodeId": "HN1391",
                        "domain": {
                            "uri": "http://scharp.usc.isi.edu/ontology/Stores"
                        },
                        "type": {
                            "uri": "http://scharp.usc.isi.edu/ontology/numberOfStores"
                        },
                        "origin": "User",
                        "confidenceScore": 1.0
                    }
                ],
                "learnedSemanticTypes": null,
                "modelIds": null
            },
            {
                "id": "HN1503",
                "label": {
                    "uri": "HN1503"
                },
                "type": "ColumnNode",
                "hNodeId": "HN1503",
                "columnName": "bit_value",
                "rdfLiteralType": null,
                "language": "",
                "userSemanticTypes": [
                    {
                        "hNodeId": "HN1503",
                        "domain": {
                            "uri": "http://scharp.usc.isi.edu/ontology/Stores"
                        },
                        "type": {
                            "uri": "http://scharp.usc.isi.edu/ontology/numberOfStores"
                        },
                        "origin": "User",
                        "confidenceScore": 1.0
                    }
                ],
                "learnedSemanticTypes": null,
                "modelIds": null
            },
            {
                "id": "HN1022",
                "label": {
                    "uri": "HN1022"
                },
                "type": "ColumnNode",
                "hNodeId": "HN1022",
                "columnName": "descriptor",
                "rdfLiteralType": null,
                "language": "",
                "userSemanticTypes": [
                    {
                        "hNodeId": "HN1022",
                        "domain": {
                            "uri": "http://scharp.usc.isi.edu/ontology/Attributes"
                        },
                        "type": {
                            "uri": "http://scharp.usc.isi.edu/ontology/timeReport"
                        },
                        "origin": "User",
                        "confidenceScore": 1.0
                    }
                ],
                "learnedSemanticTypes": null,
                "modelIds": null
            },
            {
                "id": "HN1477",
                "label": {
                    "uri": "HN1477"
                },
                "type": "ColumnNode",
                "hNodeId": "HN1477",
                "columnName": "descriptor",
                "rdfLiteralType": null,
                "language": "",
                "userSemanticTypes": [
                    {
                        "hNodeId": "HN1477",
                        "domain": {
                            "uri": "http://scharp.usc.isi.edu/ontology/Stores"
                        },
                        "type": {
                            "uri": "http://scharp.usc.isi.edu/ontology/typeOfStores"
                        },
                        "origin": "User",
                        "confidenceScore": 1.0
                    }
                ],
                "learnedSemanticTypes": null,
                "modelIds": null
            },
            {
                "id": "HN1748",
                "label": {
                    "uri": "HN1748"
                },
                "type": "ColumnNode",
                "hNodeId": "HN1748",
                "columnName": "stores2_uri",
                "rdfLiteralType": null,
                "language": "",
                "userSemanticTypes": [
                    {
                        "hNodeId": "HN1748",
                        "domain": {
                            "uri": "http://scharp.usc.isi.edu/ontology/Stores"
                        },
                        "type": {
                            "uri": "http://isi.edu/integration/karma/dev#classLink"
                        },
                        "origin": "User",
                        "confidenceScore": 1.0
                    }
                ],
                "learnedSemanticTypes": null,
                "modelIds": null
            },
            {
                "id": "HN1723",
                "label": {
                    "uri": "HN1723"
                },
                "type": "ColumnNode",
                "hNodeId": "HN1723",
                "columnName": "event_time",
                "rdfLiteralType": null,
                "language": "",
                "userSemanticTypes": [
                    {
                        "hNodeId": "HN1723",
                        "domain": {
                            "uri": "http://scharp.usc.isi.edu/ontology/Message"
                        },
                        "type": {
                            "uri": "http://scharp.usc.isi.edu/ontology/eventTime"
                        },
                        "origin": "User",
                        "confidenceScore": 1.0
                    }
                ],
                "learnedSemanticTypes": null,
                "modelIds": null
            },
            {
                "id": "HN1713",
                "label": {
                    "uri": "HN1713"
                },
                "type": "ColumnNode",
                "hNodeId": "HN1713",
                "columnName": "fuelQ",
                "rdfLiteralType": {
                    "uri": "http://www.w3.org/2001/XMLSchema#integer"
                },
                "language": "",
                "userSemanticTypes": [
                    {
                        "hNodeId": "HN1713",
                        "domain": {
                            "uri": "http://scharp.usc.isi.edu/ontology/Attributes"
                        },
                        "type": {
                            "uri": "http://scharp.usc.isi.edu/ontology/fuelQuantity"
                        },
                        "origin": "User",
                        "confidenceScore": 1.0
                    }
                ],
                "learnedSemanticTypes": null,
                "modelIds": null
            },
            {
                "id": "HN1455",
                "label": {
                    "uri": "HN1455"
                },
                "type": "ColumnNode",
                "hNodeId": "HN1455",
                "columnName": "descriptor",
                "rdfLiteralType": null,
                "language": "",
                "userSemanticTypes": [
                    {
                        "hNodeId": "HN1455",
                        "domain": {
                            "uri": "http://scharp.usc.isi.edu/ontology/Stores"
                        },
                        "type": {
                            "uri": "http://scharp.usc.isi.edu/ontology/typeOfStores"
                        },
                        "origin": "User",
                        "confidenceScore": 1.0
                    }
                ],
                "learnedSemanticTypes": null,
                "modelIds": null
            },
            {
                "id": "HN1492",
                "label": {
                    "uri": "HN1492"
                },
                "type": "ColumnNode",
                "hNodeId": "HN1492",
                "columnName": "bit_value",
                "rdfLiteralType": null,
                "language": "",
                "userSemanticTypes": [
                    {
                        "hNodeId": "HN1492",
                        "domain": {
                            "uri": "http://scharp.usc.isi.edu/ontology/Stores"
                        },
                        "type": {
                            "uri": "http://scharp.usc.isi.edu/ontology/numberOfStores"
                        },
                        "origin": "User",
                        "confidenceScore": 1.0
                    }
                ],
                "learnedSemanticTypes": null,
                "modelIds": null
            },
            {
                "id": "HN1466",
                "label": {
                    "uri": "HN1466"
                },
                "type": "ColumnNode",
                "hNodeId": "HN1466",
                "columnName": "descriptor",
                "rdfLiteralType": null,
                "language": "",
                "userSemanticTypes": [
                    {
                        "hNodeId": "HN1466",
                        "domain": {
                            "uri": "http://scharp.usc.isi.edu/ontology/Stores"
                        },
                        "type": {
                            "uri": "http://scharp.usc.isi.edu/ontology/typeOfStores"
                        },
                        "origin": "User",
                        "confidenceScore": 1.0
                    }
                ],
                "learnedSemanticTypes": null,
                "modelIds": null
            },
            {
                "id": "HN1072",
                "label": {
                    "uri": "HN1072"
                },
                "type": "ColumnNode",
                "hNodeId": "HN1072",
                "columnName": "descriptor",
                "rdfLiteralType": null,
                "language": "",
                "userSemanticTypes": [
                    {
                        "hNodeId": "HN1072",
                        "domain": {
                            "uri": "http://scharp.usc.isi.edu/ontology/AirUnit"
                        },
                        "type": {
                            "uri": "http://scharp.usc.isi.edu/ontology/trackNum"
                        },
                        "origin": "User",
                        "confidenceScore": 1.0
                    }
                ],
                "learnedSemanticTypes": null,
                "modelIds": null
            },
            {
                "id": "HN1758",
                "label": {
                    "uri": "HN1758"
                },
                "type": "ColumnNode",
                "hNodeId": "HN1758",
                "columnName": "stores4_uri",
                "rdfLiteralType": null,
                "language": "",
                "userSemanticTypes": [
                    {
                        "hNodeId": "HN1758",
                        "domain": {
                            "uri": "http://scharp.usc.isi.edu/ontology/Stores"
                        },
                        "type": {
                            "uri": "http://isi.edu/integration/karma/dev#classLink"
                        },
                        "origin": "User",
                        "confidenceScore": 1.0
                    }
                ],
                "learnedSemanticTypes": null,
                "modelIds": null
            },
            {
                "id": "HN1743",
                "label": {
                    "uri": "HN1743"
                },
                "type": "ColumnNode",
                "hNodeId": "HN1743",
                "columnName": "stores1_uri",
                "rdfLiteralType": null,
                "language": "",
                "userSemanticTypes": [
                    {
                        "hNodeId": "HN1743",
                        "domain": {
                            "uri": "http://scharp.usc.isi.edu/ontology/Stores"
                        },
                        "type": {
                            "uri": "http://isi.edu/integration/karma/dev#classLink"
                        },
                        "origin": "User",
                        "confidenceScore": 1.0
                    }
                ],
                "learnedSemanticTypes": null,
                "modelIds": null
            },
            {
                "id": "HN1728",
                "label": {
                    "uri": "HN1728"
                },
                "type": "ColumnNode",
                "hNodeId": "HN1728",
                "columnName": "message_uri",
                "rdfLiteralType": null,
                "language": "",
                "userSemanticTypes": [
                    {
                        "hNodeId": "HN1728",
                        "domain": {
                            "uri": "http://scharp.usc.isi.edu/ontology/Message"
                        },
                        "type": {
                            "uri": "http://isi.edu/integration/karma/dev#classLink"
                        },
                        "origin": "User",
                        "confidenceScore": 1.0
                    }
                ],
                "learnedSemanticTypes": null,
                "modelIds": null
            },
            {
                "id": "HN1165",
                "label": {
                    "uri": "HN1165"
                },
                "type": "ColumnNode",
                "hNodeId": "HN1165",
                "columnName": "descriptor",
                "rdfLiteralType": null,
                "language": "",
                "userSemanticTypes": [
                    {
                        "hNodeId": "HN1165",
                        "domain": {
                            "uri": "http://scharp.usc.isi.edu/ontology/Attributes"
                        },
                        "type": {
                            "uri": "http://scharp.usc.isi.edu/ontology/aircraftType"
                        },
                        "origin": "User",
                        "confidenceScore": 1.0
                    }
                ],
                "learnedSemanticTypes": null,
                "modelIds": null
            },
            {
                "id": "HN1753",
                "label": {
                    "uri": "HN1753"
                },
                "type": "ColumnNode",
                "hNodeId": "HN1753",
                "columnName": "stores3_uri",
                "rdfLiteralType": null,
                "language": "",
                "userSemanticTypes": [
                    {
                        "hNodeId": "HN1753",
                        "domain": {
                            "uri": "http://scharp.usc.isi.edu/ontology/Stores"
                        },
                        "type": {
                            "uri": "http://isi.edu/integration/karma/dev#classLink"
                        },
                        "origin": "User",
                        "confidenceScore": 1.0
                    }
                ],
                "learnedSemanticTypes": null,
                "modelIds": null
            },
            {
                "id": "HN1444",
                "label": {
                    "uri": "HN1444"
                },
                "type": "ColumnNode",
                "hNodeId": "HN1444",
                "columnName": "descriptor",
                "rdfLiteralType": null,
                "language": "",
                "userSemanticTypes": [
                    {
                        "hNodeId": "HN1444",
                        "domain": {
                            "uri": "http://scharp.usc.isi.edu/ontology/Stores"
                        },
                        "type": {
                            "uri": "http://scharp.usc.isi.edu/ontology/typeOfStores"
                        },
                        "origin": "User",
                        "confidenceScore": 1.0
                    }
                ],
                "learnedSemanticTypes": null,
                "modelIds": null
            },
            {
                "id": "HN1426",
                "label": {
                    "uri": "HN1426"
                },
                "type": "ColumnNode",
                "hNodeId": "HN1426",
                "columnName": "bit_value",
                "rdfLiteralType": null,
                "language": "",
                "userSemanticTypes": [
                    {
                        "hNodeId": "HN1426",
                        "domain": {
                            "uri": "http://scharp.usc.isi.edu/ontology/Stores"
                        },
                        "type": {
                            "uri": "http://scharp.usc.isi.edu/ontology/numberOfStores"
                        },
                        "origin": "User",
                        "confidenceScore": 1.0
                    }
                ],
                "learnedSemanticTypes": null,
                "modelIds": null
            },
            {
                "id": "HN1708",
                "label": {
                    "uri": "HN1708"
                },
                "type": "ColumnNode",
                "hNodeId": "HN1708",
                "columnName": "unit_uri",
                "rdfLiteralType": null,
                "language": "",
                "userSemanticTypes": [
                    {
                        "hNodeId": "HN1708",
                        "domain": {
                            "uri": "http://scharp.usc.isi.edu/ontology/AirUnit"
                        },
                        "type": {
                            "uri": "http://isi.edu/integration/karma/dev#classLink"
                        },
                        "origin": "User",
                        "confidenceScore": 1.0
                    }
                ],
                "learnedSemanticTypes": null,
                "modelIds": null
            },
            {
                "id": "HN1718",
                "label": {
                    "uri": "HN1718"
                },
                "type": "ColumnNode",
                "hNodeId": "HN1718",
                "columnName": "fuelU",
                "rdfLiteralType": null,
                "language": "",
                "userSemanticTypes": [
                    {
                        "hNodeId": "HN1718",
                        "domain": {
                            "uri": "http://scharp.usc.isi.edu/ontology/Attributes"
                        },
                        "type": {
                            "uri": "http://scharp.usc.isi.edu/ontology/fuelQuantityUnit"
                        },
                        "origin": "User",
                        "confidenceScore": 1.0
                    }
                ],
                "learnedSemanticTypes": null,
                "modelIds": null
            },
            {
                "id": "HN1111",
                "label": {
                    "uri": "HN1111"
                },
                "type": "ColumnNode",
                "hNodeId": "HN1111",
                "columnName": "name",
                "rdfLiteralType": null,
                "language": "",
                "userSemanticTypes": [
                    {
                        "hNodeId": "HN1111",
                        "domain": {
                            "uri": "http://scharp.usc.isi.edu/ontology/Message"
                        },
                        "type": {
                            "uri": "http://scharp.usc.isi.edu/ontology/event"
                        },
                        "origin": "User",
                        "confidenceScore": 1.0
                    }
                ],
                "learnedSemanticTypes": null,
                "modelIds": null
            }
        ],
        "links": [
            {
                "id": "http://scharp.usc.isi.edu/ontology/AirUnit1---http://scharp.usc.isi.edu/ontology/hasStores---http://scharp.usc.isi.edu/ontology/Stores1",
                "weight": 0.009999999776482582,
                "type": "ObjectPropertyLink",
                "label": {
                    "uri": "http://scharp.usc.isi.edu/ontology/hasStores"
                },
                "objectPropertyType": "Direct",
                "status": "ForcedByUser",
                "keyInfo": "None",
                "modelIds": null
            },
            {
                "id": "http://scharp.usc.isi.edu/ontology/AirUnit1---http://scharp.usc.isi.edu/ontology/hasStores---http://scharp.usc.isi.edu/ontology/Stores2",
                "weight": 0.009999999776482582,
                "type": "ObjectPropertyLink",
                "label": {
                    "uri": "http://scharp.usc.isi.edu/ontology/hasStores"
                },
                "objectPropertyType": "Direct",
                "status": "ForcedByUser",
                "keyInfo": "None",
                "modelIds": null
            },
            {
                "id": "http://scharp.usc.isi.edu/ontology/AirUnit1---http://scharp.usc.isi.edu/ontology/hasStores---http://scharp.usc.isi.edu/ontology/Stores3",
                "weight": 0.009999999776482582,
                "type": "ObjectPropertyLink",
                "label": {
                    "uri": "http://scharp.usc.isi.edu/ontology/hasStores"
                },
                "objectPropertyType": "Direct",
                "status": "ForcedByUser",
                "keyInfo": "None",
                "modelIds": null
            },
            {
                "id": "http://scharp.usc.isi.edu/ontology/AirUnit1---http://scharp.usc.isi.edu/ontology/hasStores---http://scharp.usc.isi.edu/ontology/Stores4",
                "weight": 0.009999999776482582,
                "type": "ObjectPropertyLink",
                "label": {
                    "uri": "http://scharp.usc.isi.edu/ontology/hasStores"
                },
                "objectPropertyType": "Direct",
                "status": "ForcedByUser",
                "keyInfo": "None",
                "modelIds": null
            },
            {
                "id": "http://scharp.usc.isi.edu/ontology/Message1---http://scharp.usc.isi.edu/ontology/aircraft---http://scharp.usc.isi.edu/ontology/AirUnit1",
                "weight": 0.009999999776482582,
                "type": "ObjectPropertyLink",
                "label": {
                    "uri": "http://scharp.usc.isi.edu/ontology/aircraft"
                },
                "objectPropertyType": "WithOnlyDomain",
                "status": "ForcedByUser",
                "keyInfo": "None",
                "modelIds": null
            },
            {
                "id": "http://scharp.usc.isi.edu/ontology/Message1---http://scharp.usc.isi.edu/ontology/attributes---http://scharp.usc.isi.edu/ontology/Attributes1",
                "weight": 0.009999999776482582,
                "type": "ObjectPropertyLink",
                "label": {
                    "uri": "http://scharp.usc.isi.edu/ontology/attributes"
                },
                "objectPropertyType": "WithOnlyDomain",
                "status": "ForcedByUser",
                "keyInfo": "None",
                "modelIds": null
            },
            {
                "id": "http://scharp.usc.isi.edu/ontology/Stores1---http://scharp.usc.isi.edu/ontology/numberOfStores---HN1391",
                "weight": 0.01,
                "type": "DataPropertyLink",
                "label": {
                    "uri": "http://scharp.usc.isi.edu/ontology/numberOfStores"
                },
                "status": "ForcedByUser",
                "keyInfo": "None",
                "modelIds": null
            },
            {
                "id": "http://scharp.usc.isi.edu/ontology/Stores2---http://scharp.usc.isi.edu/ontology/numberOfStores---HN1503",
                "weight": 0.01,
                "type": "DataPropertyLink",
                "label": {
                    "uri": "http://scharp.usc.isi.edu/ontology/numberOfStores"
                },
                "status": "ForcedByUser",
                "keyInfo": "None",
                "modelIds": null
            },
            {
                "id": "http://scharp.usc.isi.edu/ontology/Attributes1---http://scharp.usc.isi.edu/ontology/timeReport---HN1022",
                "weight": 0.01,
                "type": "DataPropertyLink",
                "label": {
                    "uri": "http://scharp.usc.isi.edu/ontology/timeReport"
                },
                "status": "ForcedByUser",
                "keyInfo": "None",
                "modelIds": null
            },
            {
                "id": "http://scharp.usc.isi.edu/ontology/Stores4---http://scharp.usc.isi.edu/ontology/typeOfStores---HN1477",
                "weight": 0.01,
                "type": "DataPropertyLink",
                "label": {
                    "uri": "http://scharp.usc.isi.edu/ontology/typeOfStores"
                },
                "status": "ForcedByUser",
                "keyInfo": "None",
                "modelIds": null
            },
            {
                "id": "http://scharp.usc.isi.edu/ontology/Stores2---http://isi.edu/integration/karma/dev#classLink---HN1748",
                "weight": 0.01,
                "type": "ClassInstanceLink",
                "label": {
                    "uri": "http://isi.edu/integration/karma/dev#classLink"
                },
                "status": "ForcedByUser",
                "keyInfo": "UriOfInstance",
                "modelIds": null
            },
            {
                "id": "http://scharp.usc.isi.edu/ontology/Message1---http://scharp.usc.isi.edu/ontology/eventTime---HN1723",
                "weight": 0.01,
                "type": "DataPropertyLink",
                "label": {
                    "uri": "http://scharp.usc.isi.edu/ontology/eventTime"
                },
                "status": "ForcedByUser",
                "keyInfo": "None",
                "modelIds": null
            },
            {
                "id": "http://scharp.usc.isi.edu/ontology/Attributes1---http://scharp.usc.isi.edu/ontology/fuelQuantity---HN1713",
                "weight": 0.01,
                "type": "DataPropertyLink",
                "label": {
                    "uri": "http://scharp.usc.isi.edu/ontology/fuelQuantity"
                },
                "status": "ForcedByUser",
                "keyInfo": "None",
                "modelIds": null
            },
            {
                "id": "http://scharp.usc.isi.edu/ontology/Stores2---http://scharp.usc.isi.edu/ontology/typeOfStores---HN1455",
                "weight": 0.01,
                "type": "DataPropertyLink",
                "label": {
                    "uri": "http://scharp.usc.isi.edu/ontology/typeOfStores"
                },
                "status": "ForcedByUser",
                "keyInfo": "None",
                "modelIds": null
            },
            {
                "id": "http://scharp.usc.isi.edu/ontology/Stores3---http://scharp.usc.isi.edu/ontology/numberOfStores---HN1492",
                "weight": 0.01,
                "type": "DataPropertyLink",
                "label": {
                    "uri": "http://scharp.usc.isi.edu/ontology/numberOfStores"
                },
                "status": "ForcedByUser",
                "keyInfo": "None",
                "modelIds": null
            },
            {
                "id": "http://scharp.usc.isi.edu/ontology/Stores3---http://scharp.usc.isi.edu/ontology/typeOfStores---HN1466",
                "weight": 0.01,
                "type": "DataPropertyLink",
                "label": {
                    "uri": "http://scharp.usc.isi.edu/ontology/typeOfStores"
                },
                "status": "ForcedByUser",
                "keyInfo": "None",
                "modelIds": null
            },
            {
                "id": "http://scharp.usc.isi.edu/ontology/AirUnit1---http://scharp.usc.isi.edu/ontology/trackNum---HN1072",
                "weight": 0.01,
                "type": "DataPropertyLink",
                "label": {
                    "uri": "http://scharp.usc.isi.edu/ontology/trackNum"
                },
                "status": "ForcedByUser",
                "keyInfo": "None",
                "modelIds": null
            },
            {
                "id": "http://scharp.usc.isi.edu/ontology/Stores4---http://isi.edu/integration/karma/dev#classLink---HN1758",
                "weight": 0.01,
                "type": "ClassInstanceLink",
                "label": {
                    "uri": "http://isi.edu/integration/karma/dev#classLink"
                },
                "status": "ForcedByUser",
                "keyInfo": "UriOfInstance",
                "modelIds": null
            },
            {
                "id": "http://scharp.usc.isi.edu/ontology/Stores1---http://isi.edu/integration/karma/dev#classLink---HN1743",
                "weight": 0.01,
                "type": "ClassInstanceLink",
                "label": {
                    "uri": "http://isi.edu/integration/karma/dev#classLink"
                },
                "status": "ForcedByUser",
                "keyInfo": "UriOfInstance",
                "modelIds": null
            },
            {
                "id": "http://scharp.usc.isi.edu/ontology/Message1---http://isi.edu/integration/karma/dev#classLink---HN1728",
                "weight": 0.01,
                "type": "ClassInstanceLink",
                "label": {
                    "uri": "http://isi.edu/integration/karma/dev#classLink"
                },
                "status": "ForcedByUser",
                "keyInfo": "UriOfInstance",
                "modelIds": null
            },
            {
                "id": "http://scharp.usc.isi.edu/ontology/Attributes1---http://scharp.usc.isi.edu/ontology/aircraftType---HN1165",
                "weight": 0.01,
                "type": "DataPropertyLink",
                "label": {
                    "uri": "http://scharp.usc.isi.edu/ontology/aircraftType"
                },
                "status": "ForcedByUser",
                "keyInfo": "None",
                "modelIds": null
            },
            {
                "id": "http://scharp.usc.isi.edu/ontology/Stores3---http://isi.edu/integration/karma/dev#classLink---HN1753",
                "weight": 0.01,
                "type": "ClassInstanceLink",
                "label": {
                    "uri": "http://isi.edu/integration/karma/dev#classLink"
                },
                "status": "ForcedByUser",
                "keyInfo": "UriOfInstance",
                "modelIds": null
            },
            {
                "id": "http://scharp.usc.isi.edu/ontology/Stores1---http://scharp.usc.isi.edu/ontology/typeOfStores---HN1444",
                "weight": 0.01,
                "type": "DataPropertyLink",
                "label": {
                    "uri": "http://scharp.usc.isi.edu/ontology/typeOfStores"
                },
                "status": "ForcedByUser",
                "keyInfo": "None",
                "modelIds": null
            },
            {
                "id": "http://scharp.usc.isi.edu/ontology/Stores4---http://scharp.usc.isi.edu/ontology/numberOfStores---HN1426",
                "weight": 0.01,
                "type": "DataPropertyLink",
                "label": {
                    "uri": "http://scharp.usc.isi.edu/ontology/numberOfStores"
                },
                "status": "ForcedByUser",
                "keyInfo": "None",
                "modelIds": null
            },
            {
                "id": "http://scharp.usc.isi.edu/ontology/AirUnit1---http://isi.edu/integration/karma/dev#classLink---HN1708",
                "weight": 0.01,
                "type": "ClassInstanceLink",
                "label": {
                    "uri": "http://isi.edu/integration/karma/dev#classLink"
                },
                "status": "ForcedByUser",
                "keyInfo": "UriOfInstance",
                "modelIds": null
            },
            {
                "id": "http://scharp.usc.isi.edu/ontology/Attributes1---http://scharp.usc.isi.edu/ontology/fuelQuantityUnit---HN1718",
                "weight": 0.01,
                "type": "DataPropertyLink",
                "label": {
                    "uri": "http://scharp.usc.isi.edu/ontology/fuelQuantityUnit"
                },
                "status": "ForcedByUser",
                "keyInfo": "None",
                "modelIds": null
            },
            {
                "id": "http://scharp.usc.isi.edu/ontology/Message1---http://scharp.usc.isi.edu/ontology/event---HN1111",
                "weight": 0.01,
                "type": "DataPropertyLink",
                "label": {
                    "uri": "http://scharp.usc.isi.edu/ontology/event"
                },
                "status": "ForcedByUser",
                "keyInfo": "None",
                "modelIds": null
            }
        ]
    }
}