{
    "id": "Airspaces.xml",
    "name": "Airspaces.xml",
    "description": null,
    "sourceColumns": [
        {
            "id": "HN73",
            "hNodeId": "HN73",
            "columnName": "Usage"
        },
        {
            "id": "HN45",
            "hNodeId": "HN45",
            "columnName": "Floor"
        },
        {
            "id": "HN799",
            "hNodeId": "HN799",
            "columnName": "alter_uri"
        },
        {
            "id": "HN71",
            "hNodeId": "HN71",
            "columnName": "Type"
        },
        {
            "id": "HN51",
            "hNodeId": "HN51",
            "columnName": "Identifier"
        },
        {
            "id": "HN721",
            "hNodeId": "HN721",
            "columnName": "airspace_uri"
        },
        {
            "id": "HN23",
            "hNodeId": "HN23",
            "columnName": "Ceiling"
        },
        {
            "id": "HN21",
            "hNodeId": "HN21",
            "columnName": "AreaType"
        },
        {
            "id": "HN754",
            "hNodeId": "HN754",
            "columnName": "shape_new"
        },
        {
            "id": "HN59",
            "hNodeId": "HN59",
            "columnName": "NumPoints"
        },
        {
            "id": "HN57",
            "hNodeId": "HN57",
            "columnName": "Key"
        }
    ],
    "mappingToSourceColumns": [
        {
            "id": "HN73",
            "sourceColumnId": "HN73"
        },
        {
            "id": "HN45",
            "sourceColumnId": "HN45"
        },
        {
            "id": "HN71",
            "sourceColumnId": "HN71"
        },
        {
            "id": "HN799",
            "sourceColumnId": "HN799"
        },
        {
            "id": "HN51",
            "sourceColumnId": "HN51"
        },
        {
            "id": "HN721",
            "sourceColumnId": "HN721"
        },
        {
            "id": "HN23",
            "sourceColumnId": "HN23"
        },
        {
            "id": "HN754",
            "sourceColumnId": "HN754"
        },
        {
            "id": "HN21",
            "sourceColumnId": "HN21"
        },
        {
            "id": "HN59",
            "sourceColumnId": "HN59"
        },
        {
            "id": "HN57",
            "sourceColumnId": "HN57"
        }
    ],
    "graph": {
        "nodes": [
            {
                "id": "http://scharp.usc.isi.edu/ontology/Airspace1",
                "label": {
                    "uri": "http://scharp.usc.isi.edu/ontology/Airspace"
                },
                "type": "InternalNode",
                "modelIds": null
            },
            {
                "id": "HN73",
                "label": {
                    "uri": "HN73"
                },
                "type": "ColumnNode",
                "hNodeId": "HN73",
                "columnName": "Usage",
                "rdfLiteralType": null,
                "language": "",
                "userSemanticTypes": [
                    {
                        "hNodeId": "HN73",
                        "domain": {
                            "uri": "http://scharp.usc.isi.edu/ontology/Airspace"
                        },
                        "type": {
                            "uri": "http://scharp.usc.isi.edu/ontology/usage"
                        },
                        "origin": "User",
                        "confidenceScore": 1.0
                    }
                ],
                "learnedSemanticTypes": null,
                "modelIds": null
            },
            {
                "id": "HN45",
                "label": {
                    "uri": "HN45"
                },
                "type": "ColumnNode",
                "hNodeId": "HN45",
                "columnName": "Floor",
                "rdfLiteralType": null,
                "language": "",
                "userSemanticTypes": [
                    {
                        "hNodeId": "HN45",
                        "domain": {
                            "uri": "http://scharp.usc.isi.edu/ontology/Airspace"
                        },
                        "type": {
                            "uri": "http://scharp.usc.isi.edu/ontology/floor"
                        },
                        "origin": "User",
                        "confidenceScore": 1.0
                    }
                ],
                "learnedSemanticTypes": null,
                "modelIds": null
            },
            {
                "id": "HN799",
                "label": {
                    "uri": "HN799"
                },
                "type": "ColumnNode",
                "hNodeId": "HN799",
                "columnName": "alter_uri",
                "rdfLiteralType": null,
                "language": "",
                "userSemanticTypes": [
                    {
                        "hNodeId": "HN799",
                        "domain": {
                            "uri": "http://scharp.usc.isi.edu/ontology/Airspace"
                        },
                        "type": {
                            "uri": "http://scharp.usc.isi.edu/ontology/alterUri"
                        },
                        "origin": "User",
                        "confidenceScore": 1.0
                    }
                ],
                "learnedSemanticTypes": [
                    {
                        "hNodeId": "HN799",
                        "domain": {
                            "uri": "http://scharp.usc.isi.edu/ontology/Airspace"
                        },
                        "type": {
                            "uri": "http://isi.edu/integration/karma/dev#classLink"
                        },
                        "origin": "TfIdfModel",
                        "confidenceScore": 0.3590801612410051
                    },
                    {
                        "hNodeId": "HN799",
                        "domain": {
                            "uri": "http://scharp.usc.isi.edu/ontology/Airspace"
                        },
                        "type": {
                            "uri": "http://scharp.usc.isi.edu/ontology/alterUri"
                        },
                        "origin": "TfIdfModel",
                        "confidenceScore": 0.3563073239426325
                    },
                    {
                        "hNodeId": "HN799",
                        "domain": {
                            "uri": "http://scharp.usc.isi.edu/ontology/Point"
                        },
                        "type": {
                            "uri": "http://isi.edu/integration/karma/dev#classLink"
                        },
                        "origin": "TfIdfModel",
                        "confidenceScore": 0.2699998050879358
                    },
                    {
                        "hNodeId": "HN799",
                        "domain": {
                            "uri": "http://scharp.usc.isi.edu/ontology/Airspace"
                        },
                        "type": {
                            "uri": "http://scharp.usc.isi.edu/ontology/airspaceId"
                        },
                        "origin": "TfIdfModel",
                        "confidenceScore": 0.014612709728426584
                    }
                ],
                "modelIds": null
            },
            {
                "id": "HN71",
                "label": {
                    "uri": "HN71"
                },
                "type": "ColumnNode",
                "hNodeId": "HN71",
                "columnName": "Type",
                "rdfLiteralType": null,
                "language": "",
                "userSemanticTypes": [
                    {
                        "hNodeId": "HN71",
                        "domain": {
                            "uri": "http://scharp.usc.isi.edu/ontology/Airspace"
                        },
                        "type": {
                            "uri": "http://scharp.usc.isi.edu/ontology/type"
                        },
                        "origin": "User",
                        "confidenceScore": 1.0
                    }
                ],
                "learnedSemanticTypes": null,
                "modelIds": null
            },
            {
                "id": "HN51",
                "label": {
                    "uri": "HN51"
                },
                "type": "ColumnNode",
                "hNodeId": "HN51",
                "columnName": "Identifier",
                "rdfLiteralType": null,
                "language": "",
                "userSemanticTypes": [
                    {
                        "hNodeId": "HN51",
                        "domain": {
                            "uri": "http://scharp.usc.isi.edu/ontology/Airspace"
                        },
                        "type": {
                            "uri": "http://scharp.usc.isi.edu/ontology/airspaceId"
                        },
                        "origin": "User",
                        "confidenceScore": 1.0
                    }
                ],
                "learnedSemanticTypes": null,
                "modelIds": null
            },
            {
                "id": "HN721",
                "label": {
                    "uri": "HN721"
                },
                "type": "ColumnNode",
                "hNodeId": "HN721",
                "columnName": "airspace_uri",
                "rdfLiteralType": null,
                "language": "",
                "userSemanticTypes": [
                    {
                        "hNodeId": "HN721",
                        "domain": {
                            "uri": "http://scharp.usc.isi.edu/ontology/Airspace"
                        },
                        "type": {
                            "uri": "http://isi.edu/integration/karma/dev#classLink"
                        },
                        "origin": "User",
                        "confidenceScore": 1.0
                    }
                ],
                "learnedSemanticTypes": null,
                "modelIds": null
            },
            {
                "id": "HN23",
                "label": {
                    "uri": "HN23"
                },
                "type": "ColumnNode",
                "hNodeId": "HN23",
                "columnName": "Ceiling",
                "rdfLiteralType": null,
                "language": "",
                "userSemanticTypes": [
                    {
                        "hNodeId": "HN23",
                        "domain": {
                            "uri": "http://scharp.usc.isi.edu/ontology/Airspace"
                        },
                        "type": {
                            "uri": "http://scharp.usc.isi.edu/ontology/ceiling"
                        },
                        "origin": "User",
                        "confidenceScore": 1.0
                    }
                ],
                "learnedSemanticTypes": null,
                "modelIds": null
            },
            {
                "id": "HN21",
                "label": {
                    "uri": "HN21"
                },
                "type": "ColumnNode",
                "hNodeId": "HN21",
                "columnName": "AreaType",
                "rdfLiteralType": null,
                "language": "",
                "userSemanticTypes": [
                    {
                        "hNodeId": "HN21",
                        "domain": {
                            "uri": "http://scharp.usc.isi.edu/ontology/Airspace"
                        },
                        "type": {
                            "uri": "http://scharp.usc.isi.edu/ontology/areatype"
                        },
                        "origin": "User",
                        "confidenceScore": 1.0
                    }
                ],
                "learnedSemanticTypes": null,
                "modelIds": null
            },
            {
                "id": "HN754",
                "label": {
                    "uri": "HN754"
                },
                "type": "ColumnNode",
                "hNodeId": "HN754",
                "columnName": "shape_new",
                "rdfLiteralType": null,
                "language": "",
                "userSemanticTypes": [
                    {
                        "hNodeId": "HN754",
                        "domain": {
                            "uri": "http://scharp.usc.isi.edu/ontology/Airspace"
                        },
                        "type": {
                            "uri": "http://scharp.usc.isi.edu/ontology/shape"
                        },
                        "origin": "User",
                        "confidenceScore": 1.0
                    }
                ],
                "learnedSemanticTypes": null,
                "modelIds": null
            },
            {
                "id": "HN59",
                "label": {
                    "uri": "HN59"
                },
                "type": "ColumnNode",
                "hNodeId": "HN59",
                "columnName": "NumPoints",
                "rdfLiteralType": null,
                "language": "",
                "userSemanticTypes": [
                    {
                        "hNodeId": "HN59",
                        "domain": {
                            "uri": "http://scharp.usc.isi.edu/ontology/Airspace"
                        },
                        "type": {
                            "uri": "http://scharp.usc.isi.edu/ontology/numofpoints"
                        },
                        "origin": "User",
                        "confidenceScore": 1.0
                    }
                ],
                "learnedSemanticTypes": null,
                "modelIds": null
            },
            {
                "id": "HN57",
                "label": {
                    "uri": "HN57"
                },
                "type": "ColumnNode",
                "hNodeId": "HN57",
                "columnName": "Key",
                "rdfLiteralType": null,
                "language": "",
                "userSemanticTypes": [
                    {
                        "hNodeId": "HN57",
                        "domain": {
                            "uri": "http://scharp.usc.isi.edu/ontology/Airspace"
                        },
                        "type": {
                            "uri": "http://scharp.usc.isi.edu/ontology/airspaceKey"
                        },
                        "origin": "User",
                        "confidenceScore": 1.0
                    }
                ],
                "learnedSemanticTypes": null,
                "modelIds": null
            }
        ],
        "links": [
            {
                "id": "http://scharp.usc.isi.edu/ontology/Airspace1---http://scharp.usc.isi.edu/ontology/usage---HN73",
                "weight": 0.01,
                "type": "DataPropertyLink",
                "label": {
                    "uri": "http://scharp.usc.isi.edu/ontology/usage"
                },
                "status": "ForcedByUser",
                "keyInfo": "None",
                "modelIds": null
            },
            {
                "id": "http://scharp.usc.isi.edu/ontology/Airspace1---http://scharp.usc.isi.edu/ontology/floor---HN45",
                "weight": 0.01,
                "type": "DataPropertyLink",
                "label": {
                    "uri": "http://scharp.usc.isi.edu/ontology/floor"
                },
                "status": "ForcedByUser",
                "keyInfo": "None",
                "modelIds": null
            },
            {
                "id": "http://scharp.usc.isi.edu/ontology/Airspace1---http://scharp.usc.isi.edu/ontology/alterUri---HN799",
                "weight": 0.01,
                "type": "DataPropertyLink",
                "label": {
                    "uri": "http://scharp.usc.isi.edu/ontology/alterUri"
                },
                "status": "ForcedByUser",
                "keyInfo": "None",
                "modelIds": null
            },
            {
                "id": "http://scharp.usc.isi.edu/ontology/Airspace1---http://scharp.usc.isi.edu/ontology/type---HN71",
                "weight": 0.01,
                "type": "DataPropertyLink",
                "label": {
                    "uri": "http://scharp.usc.isi.edu/ontology/type"
                },
                "status": "ForcedByUser",
                "keyInfo": "None",
                "modelIds": null
            },
            {
                "id": "http://scharp.usc.isi.edu/ontology/Airspace1---http://scharp.usc.isi.edu/ontology/airspaceId---HN51",
                "weight": 0.01,
                "type": "DataPropertyLink",
                "label": {
                    "uri": "http://scharp.usc.isi.edu/ontology/airspaceId"
                },
                "status": "ForcedByUser",
                "keyInfo": "None",
                "modelIds": null
            },
            {
                "id": "http://scharp.usc.isi.edu/ontology/Airspace1---http://isi.edu/integration/karma/dev#classLink---HN721",
                "weight": 0.01,
                "type": "ClassInstanceLink",
                "label": {
                    "uri": "http://isi.edu/integration/karma/dev#classLink"
                },
                "status": "ForcedByUser",
                "keyInfo": "UriOfInstance",
                "modelIds": null
            },
            {
                "id": "http://scharp.usc.isi.edu/ontology/Airspace1---http://scharp.usc.isi.edu/ontology/ceiling---HN23",
                "weight": 0.01,
                "type": "DataPropertyLink",
                "label": {
                    "uri": "http://scharp.usc.isi.edu/ontology/ceiling"
                },
                "status": "ForcedByUser",
                "keyInfo": "None",
                "modelIds": null
            },
            {
                "id": "http://scharp.usc.isi.edu/ontology/Airspace1---http://scharp.usc.isi.edu/ontology/areatype---HN21",
                "weight": 0.01,
                "type": "DataPropertyLink",
                "label": {
                    "uri": "http://scharp.usc.isi.edu/ontology/areatype"
                },
                "status": "ForcedByUser",
                "keyInfo": "None",
                "modelIds": null
            },
            {
                "id": "http://scharp.usc.isi.edu/ontology/Airspace1---http://scharp.usc.isi.edu/ontology/shape---HN754",
                "weight": 0.01,
                "type": "DataPropertyLink",
                "label": {
                    "uri": "http://scharp.usc.isi.edu/ontology/shape"
                },
                "status": "ForcedByUser",
                "keyInfo": "None",
                "modelIds": null
            },
            {
                "id": "http://scharp.usc.isi.edu/ontology/Airspace1---http://scharp.usc.isi.edu/ontology/numofpoints---HN59",
                "weight": 0.01,
                "type": "DataPropertyLink",
                "label": {
                    "uri": "http://scharp.usc.isi.edu/ontology/numofpoints"
                },
                "status": "ForcedByUser",
                "keyInfo": "None",
                "modelIds": null
            },
            {
                "id": "http://scharp.usc.isi.edu/ontology/Airspace1---http://scharp.usc.isi.edu/ontology/airspaceKey---HN57",
                "weight": 0.01,
                "type": "DataPropertyLink",
                "label": {
                    "uri": "http://scharp.usc.isi.edu/ontology/airspaceKey"
                },
                "status": "ForcedByUser",
                "keyInfo": "None",
                "modelIds": null
            }
        ]
    }
}