{
    "id": "AirspaceSegments.xml",
    "name": "AirspaceSegments.xml",
    "description": null,
    "sourceColumns": [
        {
            "id": "HN1740",
            "hNodeId": "HN1740",
            "columnName": "Width"
        },
        {
            "id": "HN1732",
            "hNodeId": "HN1732",
            "columnName": "MinAltitude"
        },
        {
            "id": "HN2229",
            "hNodeId": "HN2229",
            "columnName": "segmanet_uri"
        },
        {
            "id": "HN1736",
            "hNodeId": "HN1736",
            "columnName": "StartLat"
        },
        {
            "id": "HN1716",
            "hNodeId": "HN1716",
            "columnName": "AirspaceKey"
        },
        {
            "id": "HN1726",
            "hNodeId": "HN1726",
            "columnName": "MaxAltitude"
        },
        {
            "id": "HN1718",
            "hNodeId": "HN1718",
            "columnName": "EndLat"
        },
        {
            "id": "HN1738",
            "hNodeId": "HN1738",
            "columnName": "StartLon"
        },
        {
            "id": "HN1722",
            "hNodeId": "HN1722",
            "columnName": "Key"
        },
        {
            "id": "HN2192",
            "hNodeId": "HN2192",
            "columnName": "airsapce_uri"
        },
        {
            "id": "HN1720",
            "hNodeId": "HN1720",
            "columnName": "EndLon"
        }
    ],
    "mappingToSourceColumns": [
        {
            "id": "HN1740",
            "sourceColumnId": "HN1740"
        },
        {
            "id": "HN1732",
            "sourceColumnId": "HN1732"
        },
        {
            "id": "HN2229",
            "sourceColumnId": "HN2229"
        },
        {
            "id": "HN1716",
            "sourceColumnId": "HN1716"
        },
        {
            "id": "HN1736",
            "sourceColumnId": "HN1736"
        },
        {
            "id": "HN1726",
            "sourceColumnId": "HN1726"
        },
        {
            "id": "HN1718",
            "sourceColumnId": "HN1718"
        },
        {
            "id": "HN1738",
            "sourceColumnId": "HN1738"
        },
        {
            "id": "HN2192",
            "sourceColumnId": "HN2192"
        },
        {
            "id": "HN1722",
            "sourceColumnId": "HN1722"
        },
        {
            "id": "HN1720",
            "sourceColumnId": "HN1720"
        }
    ],
    "graph": {
        "nodes": [
            {
                "id": "http://scharp.usc.isi.edu/ontology/Airspace1",
                "label": {
                    "uri": "http://scharp.usc.isi.edu/ontology/Airspace"
                },
                "type": "InternalNode",
                "modelIds": null
            },
            {
                "id": "http://scharp.usc.isi.edu/ontology/AirspaceSegment1",
                "label": {
                    "uri": "http://scharp.usc.isi.edu/ontology/AirspaceSegment"
                },
                "type": "InternalNode",
                "modelIds": null
            },
            {
                "id": "http://scharp.usc.isi.edu/ontology/Point1",
                "label": {
                    "uri": "http://scharp.usc.isi.edu/ontology/Point"
                },
                "type": "InternalNode",
                "modelIds": null
            },
            {
                "id": "http://scharp.usc.isi.edu/ontology/Point2",
                "label": {
                    "uri": "http://scharp.usc.isi.edu/ontology/Point"
                },
                "type": "InternalNode",
                "modelIds": null
            },
            {
                "id": "HN1740",
                "label": {
                    "uri": "HN1740"
                },
                "type": "ColumnNode",
                "hNodeId": "HN1740",
                "columnName": "Width",
                "rdfLiteralType": null,
                "language": "",
                "userSemanticTypes": [
                    {
                        "hNodeId": "HN1740",
                        "domain": {
                            "uri": "http://scharp.usc.isi.edu/ontology/AirspaceSegment"
                        },
                        "type": {
                            "uri": "http://scharp.usc.isi.edu/ontology/width"
                        },
                        "origin": "User",
                        "confidenceScore": 1.0
                    }
                ],
                "learnedSemanticTypes": null,
                "modelIds": null
            },
            {
                "id": "HN1732",
                "label": {
                    "uri": "HN1732"
                },
                "type": "ColumnNode",
                "hNodeId": "HN1732",
                "columnName": "MinAltitude",
                "rdfLiteralType": null,
                "language": "",
                "userSemanticTypes": [
                    {
                        "hNodeId": "HN1732",
                        "domain": {
                            "uri": "http://scharp.usc.isi.edu/ontology/AirspaceSegment"
                        },
                        "type": {
                            "uri": "http://scharp.usc.isi.edu/ontology/minaltitude"
                        },
                        "origin": "User",
                        "confidenceScore": 1.0
                    }
                ],
                "learnedSemanticTypes": null,
                "modelIds": null
            },
            {
                "id": "HN2229",
                "label": {
                    "uri": "HN2229"
                },
                "type": "ColumnNode",
                "hNodeId": "HN2229",
                "columnName": "segmanet_uri",
                "rdfLiteralType": null,
                "language": "",
                "userSemanticTypes": [
                    {
                        "hNodeId": "HN2229",
                        "domain": {
                            "uri": "http://scharp.usc.isi.edu/ontology/AirspaceSegment"
                        },
                        "type": {
                            "uri": "http://isi.edu/integration/karma/dev#classLink"
                        },
                        "origin": "User",
                        "confidenceScore": 1.0
                    }
                ],
                "learnedSemanticTypes": null,
                "modelIds": null
            },
            {
                "id": "HN1736",
                "label": {
                    "uri": "HN1736"
                },
                "type": "ColumnNode",
                "hNodeId": "HN1736",
                "columnName": "StartLat",
                "rdfLiteralType": {
                    "uri": "http://www.w3.org/2001/XMLSchema#float"
                },
                "language": "",
                "userSemanticTypes": [
                    {
                        "hNodeId": "HN1736",
                        "domain": {
                            "uri": "http://scharp.usc.isi.edu/ontology/Point"
                        },
                        "type": {
                            "uri": "http://scharp.usc.isi.edu/ontology/latitude"
                        },
                        "origin": "User",
                        "confidenceScore": 1.0
                    }
                ],
                "learnedSemanticTypes": null,
                "modelIds": null
            },
            {
                "id": "HN1716",
                "label": {
                    "uri": "HN1716"
                },
                "type": "ColumnNode",
                "hNodeId": "HN1716",
                "columnName": "AirspaceKey",
                "rdfLiteralType": null,
                "language": "",
                "userSemanticTypes": [
                    {
                        "hNodeId": "HN1716",
                        "domain": {
                            "uri": "http://scharp.usc.isi.edu/ontology/Airspace"
                        },
                        "type": {
                            "uri": "http://scharp.usc.isi.edu/ontology/airspaceKey"
                        },
                        "origin": "User",
                        "confidenceScore": 1.0
                    }
                ],
                "learnedSemanticTypes": null,
                "modelIds": null
            },
            {
                "id": "HN1726",
                "label": {
                    "uri": "HN1726"
                },
                "type": "ColumnNode",
                "hNodeId": "HN1726",
                "columnName": "MaxAltitude",
                "rdfLiteralType": null,
                "language": "",
                "userSemanticTypes": [
                    {
                        "hNodeId": "HN1726",
                        "domain": {
                            "uri": "http://scharp.usc.isi.edu/ontology/AirspaceSegment"
                        },
                        "type": {
                            "uri": "http://scharp.usc.isi.edu/ontology/maxaltitude"
                        },
                        "origin": "User",
                        "confidenceScore": 1.0
                    }
                ],
                "learnedSemanticTypes": null,
                "modelIds": null
            },
            {
                "id": "HN1718",
                "label": {
                    "uri": "HN1718"
                },
                "type": "ColumnNode",
                "hNodeId": "HN1718",
                "columnName": "EndLat",
                "rdfLiteralType": {
                    "uri": "http://www.w3.org/2001/XMLSchema#float"
                },
                "language": "",
                "userSemanticTypes": [
                    {
                        "hNodeId": "HN1718",
                        "domain": {
                            "uri": "http://scharp.usc.isi.edu/ontology/Point"
                        },
                        "type": {
                            "uri": "http://scharp.usc.isi.edu/ontology/latitude"
                        },
                        "origin": "User",
                        "confidenceScore": 1.0
                    }
                ],
                "learnedSemanticTypes": null,
                "modelIds": null
            },
            {
                "id": "HN1738",
                "label": {
                    "uri": "HN1738"
                },
                "type": "ColumnNode",
                "hNodeId": "HN1738",
                "columnName": "StartLon",
                "rdfLiteralType": {
                    "uri": "http://www.w3.org/2001/XMLSchema#float"
                },
                "language": "",
                "userSemanticTypes": [
                    {
                        "hNodeId": "HN1738",
                        "domain": {
                            "uri": "http://scharp.usc.isi.edu/ontology/Point"
                        },
                        "type": {
                            "uri": "http://scharp.usc.isi.edu/ontology/longitude"
                        },
                        "origin": "User",
                        "confidenceScore": 1.0
                    }
                ],
                "learnedSemanticTypes": null,
                "modelIds": null
            },
            {
                "id": "HN1722",
                "label": {
                    "uri": "HN1722"
                },
                "type": "ColumnNode",
                "hNodeId": "HN1722",
                "columnName": "Key",
                "rdfLiteralType": null,
                "language": "",
                "userSemanticTypes": [
                    {
                        "hNodeId": "HN1722",
                        "domain": {
                            "uri": "http://scharp.usc.isi.edu/ontology/AirspaceSegment"
                        },
                        "type": {
                            "uri": "http://scharp.usc.isi.edu/ontology/airspaceSegmentKey"
                        },
                        "origin": "User",
                        "confidenceScore": 1.0
                    }
                ],
                "learnedSemanticTypes": null,
                "modelIds": null
            },
            {
                "id": "HN2192",
                "label": {
                    "uri": "HN2192"
                },
                "type": "ColumnNode",
                "hNodeId": "HN2192",
                "columnName": "airsapce_uri",
                "rdfLiteralType": null,
                "language": "",
                "userSemanticTypes": [
                    {
                        "hNodeId": "HN2192",
                        "domain": {
                            "uri": "http://scharp.usc.isi.edu/ontology/Airspace"
                        },
                        "type": {
                            "uri": "http://isi.edu/integration/karma/dev#classLink"
                        },
                        "origin": "User",
                        "confidenceScore": 1.0
                    }
                ],
                "learnedSemanticTypes": null,
                "modelIds": null
            },
            {
                "id": "HN1720",
                "label": {
                    "uri": "HN1720"
                },
                "type": "ColumnNode",
                "hNodeId": "HN1720",
                "columnName": "EndLon",
                "rdfLiteralType": {
                    "uri": "http://www.w3.org/2001/XMLSchema#float"
                },
                "language": "",
                "userSemanticTypes": [
                    {
                        "hNodeId": "HN1720",
                        "domain": {
                            "uri": "http://scharp.usc.isi.edu/ontology/Point"
                        },
                        "type": {
                            "uri": "http://scharp.usc.isi.edu/ontology/longitude"
                        },
                        "origin": "User",
                        "confidenceScore": 1.0
                    }
                ],
                "learnedSemanticTypes": null,
                "modelIds": null
            }
        ],
        "links": [
            {
                "id": "http://scharp.usc.isi.edu/ontology/Airspace1---http://scharp.usc.isi.edu/ontology/airspacesegment---http://scharp.usc.isi.edu/ontology/AirspaceSegment1",
                "weight": 0.009999999776482582,
                "type": "ObjectPropertyLink",
                "label": {
                    "uri": "http://scharp.usc.isi.edu/ontology/airspacesegment"
                },
                "objectPropertyType": "Direct",
                "status": "ForcedByUser",
                "keyInfo": "None",
                "modelIds": null
            },
            {
                "id": "http://scharp.usc.isi.edu/ontology/AirspaceSegment1---http://scharp.usc.isi.edu/ontology/endpoint---http://scharp.usc.isi.edu/ontology/Point1",
                "weight": 0.009999999776482582,
                "type": "ObjectPropertyLink",
                "label": {
                    "uri": "http://scharp.usc.isi.edu/ontology/endpoint"
                },
                "objectPropertyType": "Direct",
                "status": "ForcedByUser",
                "keyInfo": "None",
                "modelIds": null
            },
            {
                "id": "http://scharp.usc.isi.edu/ontology/AirspaceSegment1---http://scharp.usc.isi.edu/ontology/startpoint---http://scharp.usc.isi.edu/ontology/Point2",
                "weight": 0.009999999776482582,
                "type": "ObjectPropertyLink",
                "label": {
                    "uri": "http://scharp.usc.isi.edu/ontology/startpoint"
                },
                "objectPropertyType": "Direct",
                "status": "ForcedByUser",
                "keyInfo": "None",
                "modelIds": null
            },
            {
                "id": "http://scharp.usc.isi.edu/ontology/AirspaceSegment1---http://scharp.usc.isi.edu/ontology/width---HN1740",
                "weight": 0.01,
                "type": "DataPropertyLink",
                "label": {
                    "uri": "http://scharp.usc.isi.edu/ontology/width"
                },
                "status": "ForcedByUser",
                "keyInfo": "None",
                "modelIds": null
            },
            {
                "id": "http://scharp.usc.isi.edu/ontology/AirspaceSegment1---http://scharp.usc.isi.edu/ontology/minaltitude---HN1732",
                "weight": 0.01,
                "type": "DataPropertyLink",
                "label": {
                    "uri": "http://scharp.usc.isi.edu/ontology/minaltitude"
                },
                "status": "ForcedByUser",
                "keyInfo": "None",
                "modelIds": null
            },
            {
                "id": "http://scharp.usc.isi.edu/ontology/AirspaceSegment1---http://isi.edu/integration/karma/dev#classLink---HN2229",
                "weight": 0.01,
                "type": "ClassInstanceLink",
                "label": {
                    "uri": "http://isi.edu/integration/karma/dev#classLink"
                },
                "status": "ForcedByUser",
                "keyInfo": "UriOfInstance",
                "modelIds": null
            },
            {
                "id": "http://scharp.usc.isi.edu/ontology/Point2---http://scharp.usc.isi.edu/ontology/latitude---HN1736",
                "weight": 0.01,
                "type": "DataPropertyLink",
                "label": {
                    "uri": "http://scharp.usc.isi.edu/ontology/latitude"
                },
                "status": "ForcedByUser",
                "keyInfo": "None",
                "modelIds": null
            },
            {
                "id": "http://scharp.usc.isi.edu/ontology/Airspace1---http://scharp.usc.isi.edu/ontology/airspaceKey---HN1716",
                "weight": 0.01,
                "type": "DataPropertyLink",
                "label": {
                    "uri": "http://scharp.usc.isi.edu/ontology/airspaceKey"
                },
                "status": "ForcedByUser",
                "keyInfo": "None",
                "modelIds": null
            },
            {
                "id": "http://scharp.usc.isi.edu/ontology/AirspaceSegment1---http://scharp.usc.isi.edu/ontology/maxaltitude---HN1726",
                "weight": 0.01,
                "type": "DataPropertyLink",
                "label": {
                    "uri": "http://scharp.usc.isi.edu/ontology/maxaltitude"
                },
                "status": "ForcedByUser",
                "keyInfo": "None",
                "modelIds": null
            },
            {
                "id": "http://scharp.usc.isi.edu/ontology/Point1---http://scharp.usc.isi.edu/ontology/latitude---HN1718",
                "weight": 0.01,
                "type": "DataPropertyLink",
                "label": {
                    "uri": "http://scharp.usc.isi.edu/ontology/latitude"
                },
                "status": "ForcedByUser",
                "keyInfo": "None",
                "modelIds": null
            },
            {
                "id": "http://scharp.usc.isi.edu/ontology/Point2---http://scharp.usc.isi.edu/ontology/longitude---HN1738",
                "weight": 0.01,
                "type": "DataPropertyLink",
                "label": {
                    "uri": "http://scharp.usc.isi.edu/ontology/longitude"
                },
                "status": "ForcedByUser",
                "keyInfo": "None",
                "modelIds": null
            },
            {
                "id": "http://scharp.usc.isi.edu/ontology/AirspaceSegment1---http://scharp.usc.isi.edu/ontology/airspaceSegmentKey---HN1722",
                "weight": 0.01,
                "type": "DataPropertyLink",
                "label": {
                    "uri": "http://scharp.usc.isi.edu/ontology/airspaceSegmentKey"
                },
                "status": "ForcedByUser",
                "keyInfo": "None",
                "modelIds": null
            },
            {
                "id": "http://scharp.usc.isi.edu/ontology/Airspace1---http://isi.edu/integration/karma/dev#classLink---HN2192",
                "weight": 0.01,
                "type": "ClassInstanceLink",
                "label": {
                    "uri": "http://isi.edu/integration/karma/dev#classLink"
                },
                "status": "ForcedByUser",
                "keyInfo": "UriOfInstance",
                "modelIds": null
            },
            {
                "id": "http://scharp.usc.isi.edu/ontology/Point1---http://scharp.usc.isi.edu/ontology/longitude---HN1720",
                "weight": 0.01,
                "type": "DataPropertyLink",
                "label": {
                    "uri": "http://scharp.usc.isi.edu/ontology/longitude"
                },
                "status": "ForcedByUser",
                "keyInfo": "None",
                "modelIds": null
            }
        ]
    }
}