{
    "id": "AirspacePoints.xml",
    "name": "AirspacePoints.xml",
    "description": null,
    "sourceColumns": [
        {
            "id": "HN1355",
            "hNodeId": "HN1355",
            "columnName": "AirspaceKey"
        },
        {
            "id": "HN1357",
            "hNodeId": "HN1357",
            "columnName": "Key"
        },
        {
            "id": "HN1359",
            "hNodeId": "HN1359",
            "columnName": "Latitude"
        },
        {
            "id": "HN1361",
            "hNodeId": "HN1361",
            "columnName": "Longitude"
        },
        {
            "id": "HN1418",
            "hNodeId": "HN1418",
            "columnName": "point_uri"
        },
        {
            "id": "HN1405",
            "hNodeId": "HN1405",
            "columnName": "airspace_uri"
        }
    ],
    "mappingToSourceColumns": [
        {
            "id": "HN1355",
            "sourceColumnId": "HN1355"
        },
        {
            "id": "HN1357",
            "sourceColumnId": "HN1357"
        },
        {
            "id": "HN1359",
            "sourceColumnId": "HN1359"
        },
        {
            "id": "HN1361",
            "sourceColumnId": "HN1361"
        },
        {
            "id": "HN1405",
            "sourceColumnId": "HN1405"
        },
        {
            "id": "HN1418",
            "sourceColumnId": "HN1418"
        }
    ],
    "graph": {
        "nodes": [
            {
                "id": "http://scharp.usc.isi.edu/ontology/Airspace1",
                "label": {
                    "uri": "http://scharp.usc.isi.edu/ontology/Airspace"
                },
                "type": "InternalNode",
                "modelIds": null
            },
            {
                "id": "http://scharp.usc.isi.edu/ontology/Point1",
                "label": {
                    "uri": "http://scharp.usc.isi.edu/ontology/Point"
                },
                "type": "InternalNode",
                "modelIds": null
            },
            {
                "id": "HN1355",
                "label": {
                    "uri": "HN1355"
                },
                "type": "ColumnNode",
                "hNodeId": "HN1355",
                "columnName": "AirspaceKey",
                "rdfLiteralType": null,
                "language": "",
                "userSemanticTypes": [
                    {
                        "hNodeId": "HN1355",
                        "domain": {
                            "uri": "http://scharp.usc.isi.edu/ontology/Airspace"
                        },
                        "type": {
                            "uri": "http://scharp.usc.isi.edu/ontology/airspaceKey"
                        },
                        "origin": "User",
                        "confidenceScore": 1.0
                    }
                ],
                "learnedSemanticTypes": null,
                "modelIds": null
            },
            {
                "id": "HN1357",
                "label": {
                    "uri": "HN1357"
                },
                "type": "ColumnNode",
                "hNodeId": "HN1357",
                "columnName": "Key",
                "rdfLiteralType": null,
                "language": "",
                "userSemanticTypes": [
                    {
                        "hNodeId": "HN1357",
                        "domain": {
                            "uri": "http://scharp.usc.isi.edu/ontology/Point"
                        },
                        "type": {
                            "uri": "http://scharp.usc.isi.edu/ontology/airspacePointKey"
                        },
                        "origin": "User",
                        "confidenceScore": 1.0
                    }
                ],
                "learnedSemanticTypes": null,
                "modelIds": null
            },
            {
                "id": "HN1359",
                "label": {
                    "uri": "HN1359"
                },
                "type": "ColumnNode",
                "hNodeId": "HN1359",
                "columnName": "Latitude",
                "rdfLiteralType": {
                    "uri": "http://www.w3.org/2001/XMLSchema#float"
                },
                "language": "",
                "userSemanticTypes": [
                    {
                        "hNodeId": "HN1359",
                        "domain": {
                            "uri": "http://scharp.usc.isi.edu/ontology/Point"
                        },
                        "type": {
                            "uri": "http://scharp.usc.isi.edu/ontology/latitude"
                        },
                        "origin": "User",
                        "confidenceScore": 1.0
                    }
                ],
                "learnedSemanticTypes": null,
                "modelIds": null
            },
            {
                "id": "HN1361",
                "label": {
                    "uri": "HN1361"
                },
                "type": "ColumnNode",
                "hNodeId": "HN1361",
                "columnName": "Longitude",
                "rdfLiteralType": {
                    "uri": "http://www.w3.org/2001/XMLSchema#float"
                },
                "language": "",
                "userSemanticTypes": [
                    {
                        "hNodeId": "HN1361",
                        "domain": {
                            "uri": "http://scharp.usc.isi.edu/ontology/Point"
                        },
                        "type": {
                            "uri": "http://scharp.usc.isi.edu/ontology/longitude"
                        },
                        "origin": "User",
                        "confidenceScore": 1.0
                    }
                ],
                "learnedSemanticTypes": null,
                "modelIds": null
            },
            {
                "id": "HN1418",
                "label": {
                    "uri": "HN1418"
                },
                "type": "ColumnNode",
                "hNodeId": "HN1418",
                "columnName": "point_uri",
                "rdfLiteralType": null,
                "language": "",
                "userSemanticTypes": [
                    {
                        "hNodeId": "HN1418",
                        "domain": {
                            "uri": "http://scharp.usc.isi.edu/ontology/Point"
                        },
                        "type": {
                            "uri": "http://isi.edu/integration/karma/dev#classLink"
                        },
                        "origin": "User",
                        "confidenceScore": 1.0
                    }
                ],
                "learnedSemanticTypes": null,
                "modelIds": null
            },
            {
                "id": "HN1405",
                "label": {
                    "uri": "HN1405"
                },
                "type": "ColumnNode",
                "hNodeId": "HN1405",
                "columnName": "airspace_uri",
                "rdfLiteralType": null,
                "language": "",
                "userSemanticTypes": [
                    {
                        "hNodeId": "HN1405",
                        "domain": {
                            "uri": "http://scharp.usc.isi.edu/ontology/Airspace"
                        },
                        "type": {
                            "uri": "http://isi.edu/integration/karma/dev#classLink"
                        },
                        "origin": "User",
                        "confidenceScore": 1.0
                    }
                ],
                "learnedSemanticTypes": null,
                "modelIds": null
            }
        ],
        "links": [
            {
                "id": "http://scharp.usc.isi.edu/ontology/Airspace1---http://scharp.usc.isi.edu/ontology/airspacepoint---http://scharp.usc.isi.edu/ontology/Point1",
                "weight": 0.009999999776482582,
                "type": "ObjectPropertyLink",
                "label": {
                    "uri": "http://scharp.usc.isi.edu/ontology/airspacepoint"
                },
                "objectPropertyType": "Direct",
                "status": "ForcedByUser",
                "keyInfo": "None",
                "modelIds": null
            },
            {
                "id": "http://scharp.usc.isi.edu/ontology/Airspace1---http://scharp.usc.isi.edu/ontology/airspaceKey---HN1355",
                "weight": 0.01,
                "type": "DataPropertyLink",
                "label": {
                    "uri": "http://scharp.usc.isi.edu/ontology/airspaceKey"
                },
                "status": "ForcedByUser",
                "keyInfo": "None",
                "modelIds": null
            },
            {
                "id": "http://scharp.usc.isi.edu/ontology/Point1---http://scharp.usc.isi.edu/ontology/airspacePointKey---HN1357",
                "weight": 0.01,
                "type": "DataPropertyLink",
                "label": {
                    "uri": "http://scharp.usc.isi.edu/ontology/airspacePointKey"
                },
                "status": "ForcedByUser",
                "keyInfo": "None",
                "modelIds": null
            },
            {
                "id": "http://scharp.usc.isi.edu/ontology/Point1---http://scharp.usc.isi.edu/ontology/latitude---HN1359",
                "weight": 0.01,
                "type": "DataPropertyLink",
                "label": {
                    "uri": "http://scharp.usc.isi.edu/ontology/latitude"
                },
                "status": "ForcedByUser",
                "keyInfo": "None",
                "modelIds": null
            },
            {
                "id": "http://scharp.usc.isi.edu/ontology/Point1---http://scharp.usc.isi.edu/ontology/longitude---HN1361",
                "weight": 0.01,
                "type": "DataPropertyLink",
                "label": {
                    "uri": "http://scharp.usc.isi.edu/ontology/longitude"
                },
                "status": "ForcedByUser",
                "keyInfo": "None",
                "modelIds": null
            },
            {
                "id": "http://scharp.usc.isi.edu/ontology/Point1---http://isi.edu/integration/karma/dev#classLink---HN1418",
                "weight": 0.01,
                "type": "ClassInstanceLink",
                "label": {
                    "uri": "http://isi.edu/integration/karma/dev#classLink"
                },
                "status": "ForcedByUser",
                "keyInfo": "UriOfInstance",
                "modelIds": null
            },
            {
                "id": "http://scharp.usc.isi.edu/ontology/Airspace1---http://isi.edu/integration/karma/dev#classLink---HN1405",
                "weight": 0.01,
                "type": "ClassInstanceLink",
                "label": {
                    "uri": "http://isi.edu/integration/karma/dev#classLink"
                },
                "status": "ForcedByUser",
                "keyInfo": "UriOfInstance",
                "modelIds": null
            }
        ]
    }
}