{
    "id": "AirTrack.json",
    "name": "AirTrack.json",
    "description": null,
    "sourceColumns": [
        {
            "id": "HN930",
            "hNodeId": "HN930",
            "columnName": "descriptor"
        },
        {
            "id": "HN1133",
            "hNodeId": "HN1133",
            "columnName": "descriptor"
        },
        {
            "id": "HN906",
            "hNodeId": "HN906",
            "columnName": "descriptor"
        },
        {
            "id": "HN1347",
            "hNodeId": "HN1347",
            "columnName": "track_uri"
        },
        {
            "id": "HN1089",
            "hNodeId": "HN1089",
            "columnName": "descriptor"
        },
        {
            "id": "HN766",
            "hNodeId": "HN766",
            "columnName": "sequence_number"
        },
        {
            "id": "HN1342",
            "hNodeId": "HN1342",
            "columnName": "message_uri"
        },
        {
            "id": "HN1005",
            "hNodeId": "HN1005",
            "columnName": "descriptor"
        },
        {
            "id": "HN1111",
            "hNodeId": "HN1111",
            "columnName": "descriptor"
        },
        {
            "id": "HN1122",
            "hNodeId": "HN1122",
            "columnName": "descriptor"
        },
        {
            "id": "HN1354",
            "hNodeId": "HN1354",
            "columnName": "iso_timestamp"
        }
    ],
    "mappingToSourceColumns": [
        {
            "id": "HN930",
            "sourceColumnId": "HN930"
        },
        {
            "id": "HN1133",
            "sourceColumnId": "HN1133"
        },
        {
            "id": "HN906",
            "sourceColumnId": "HN906"
        },
        {
            "id": "HN1089",
            "sourceColumnId": "HN1089"
        },
        {
            "id": "HN1347",
            "sourceColumnId": "HN1347"
        },
        {
            "id": "HN766",
            "sourceColumnId": "HN766"
        },
        {
            "id": "HN1342",
            "sourceColumnId": "HN1342"
        },
        {
            "id": "HN1005",
            "sourceColumnId": "HN1005"
        },
        {
            "id": "HN1111",
            "sourceColumnId": "HN1111"
        },
        {
            "id": "HN1354",
            "sourceColumnId": "HN1354"
        },
        {
            "id": "HN1122",
            "sourceColumnId": "HN1122"
        }
    ],
    "graph": {
        "nodes": [
            {
                "id": "http://scharp.usc.isi.edu/ontology/AirUnit1",
                "label": {
                    "uri": "http://scharp.usc.isi.edu/ontology/AirUnit"
                },
                "type": "InternalNode",
                "modelIds": null
            },
            {
                "id": "http://scharp.usc.isi.edu/ontology/Point1",
                "label": {
                    "uri": "http://scharp.usc.isi.edu/ontology/Point"
                },
                "type": "InternalNode",
                "modelIds": null
            },
            {
                "id": "http://scharp.usc.isi.edu/ontology/Message1",
                "label": {
                    "uri": "http://scharp.usc.isi.edu/ontology/Message"
                },
                "type": "InternalNode",
                "modelIds": null
            },
            {
                "id": "http://scharp.usc.isi.edu/ontology/Track1",
                "label": {
                    "uri": "http://scharp.usc.isi.edu/ontology/Track"
                },
                "type": "InternalNode",
                "modelIds": null
            },
            {
                "id": "HN930",
                "label": {
                    "uri": "HN930"
                },
                "type": "ColumnNode",
                "hNodeId": "HN930",
                "columnName": "descriptor",
                "rdfLiteralType": null,
                "language": "",
                "userSemanticTypes": [
                    {
                        "hNodeId": "HN930",
                        "domain": {
                            "uri": "http://scharp.usc.isi.edu/ontology/Track"
                        },
                        "type": {
                            "uri": "http://scharp.usc.isi.edu/ontology/trackNum"
                        },
                        "origin": "User",
                        "confidenceScore": 1.0
                    }
                ],
                "learnedSemanticTypes": null,
                "modelIds": null
            },
            {
                "id": "HN1133",
                "label": {
                    "uri": "HN1133"
                },
                "type": "ColumnNode",
                "hNodeId": "HN1133",
                "columnName": "descriptor",
                "rdfLiteralType": null,
                "language": "",
                "userSemanticTypes": [
                    {
                        "hNodeId": "HN1133",
                        "domain": {
                            "uri": "http://scharp.usc.isi.edu/ontology/AirUnit"
                        },
                        "type": {
                            "uri": "http://scharp.usc.isi.edu/ontology/speed"
                        },
                        "origin": "User",
                        "confidenceScore": 1.0
                    }
                ],
                "learnedSemanticTypes": null,
                "modelIds": null
            },
            {
                "id": "HN906",
                "label": {
                    "uri": "HN906"
                },
                "type": "ColumnNode",
                "hNodeId": "HN906",
                "columnName": "descriptor",
                "rdfLiteralType": null,
                "language": "",
                "userSemanticTypes": [
                    {
                        "hNodeId": "HN906",
                        "domain": {
                            "uri": "http://scharp.usc.isi.edu/ontology/Track"
                        },
                        "type": {
                            "uri": "http://scharp.usc.isi.edu/ontology/trackIdentity"
                        },
                        "origin": "User",
                        "confidenceScore": 1.0
                    }
                ],
                "learnedSemanticTypes": null,
                "modelIds": null
            },
            {
                "id": "HN1347",
                "label": {
                    "uri": "HN1347"
                },
                "type": "ColumnNode",
                "hNodeId": "HN1347",
                "columnName": "track_uri",
                "rdfLiteralType": null,
                "language": "",
                "userSemanticTypes": [
                    {
                        "hNodeId": "HN1347",
                        "domain": {
                            "uri": "http://scharp.usc.isi.edu/ontology/Track"
                        },
                        "type": {
                            "uri": "http://isi.edu/integration/karma/dev#classLink"
                        },
                        "origin": "User",
                        "confidenceScore": 1.0
                    }
                ],
                "learnedSemanticTypes": null,
                "modelIds": null
            },
            {
                "id": "HN1089",
                "label": {
                    "uri": "HN1089"
                },
                "type": "ColumnNode",
                "hNodeId": "HN1089",
                "columnName": "descriptor",
                "rdfLiteralType": null,
                "language": "",
                "userSemanticTypes": [
                    {
                        "hNodeId": "HN1089",
                        "domain": {
                            "uri": "http://scharp.usc.isi.edu/ontology/Point"
                        },
                        "type": {
                            "uri": "http://scharp.usc.isi.edu/ontology/longitude"
                        },
                        "origin": "User",
                        "confidenceScore": 1.0
                    }
                ],
                "learnedSemanticTypes": null,
                "modelIds": null
            },
            {
                "id": "HN766",
                "label": {
                    "uri": "HN766"
                },
                "type": "ColumnNode",
                "hNodeId": "HN766",
                "columnName": "sequence_number",
                "rdfLiteralType": null,
                "language": "",
                "userSemanticTypes": [
                    {
                        "hNodeId": "HN766",
                        "domain": {
                            "uri": "http://scharp.usc.isi.edu/ontology/Message"
                        },
                        "type": {
                            "uri": "http://scharp.usc.isi.edu/ontology/identifier"
                        },
                        "origin": "User",
                        "confidenceScore": 1.0
                    }
                ],
                "learnedSemanticTypes": null,
                "modelIds": null
            },
            {
                "id": "HN1342",
                "label": {
                    "uri": "HN1342"
                },
                "type": "ColumnNode",
                "hNodeId": "HN1342",
                "columnName": "message_uri",
                "rdfLiteralType": null,
                "language": "",
                "userSemanticTypes": [
                    {
                        "hNodeId": "HN1342",
                        "domain": {
                            "uri": "http://scharp.usc.isi.edu/ontology/Message"
                        },
                        "type": {
                            "uri": "http://isi.edu/integration/karma/dev#classLink"
                        },
                        "origin": "User",
                        "confidenceScore": 1.0
                    }
                ],
                "learnedSemanticTypes": null,
                "modelIds": null
            },
            {
                "id": "HN1005",
                "label": {
                    "uri": "HN1005"
                },
                "type": "ColumnNode",
                "hNodeId": "HN1005",
                "columnName": "descriptor",
                "rdfLiteralType": null,
                "language": "",
                "userSemanticTypes": [
                    {
                        "hNodeId": "HN1005",
                        "domain": {
                            "uri": "http://scharp.usc.isi.edu/ontology/AirUnit"
                        },
                        "type": {
                            "uri": "http://scharp.usc.isi.edu/ontology/type"
                        },
                        "origin": "User",
                        "confidenceScore": 1.0
                    }
                ],
                "learnedSemanticTypes": null,
                "modelIds": null
            },
            {
                "id": "HN1111",
                "label": {
                    "uri": "HN1111"
                },
                "type": "ColumnNode",
                "hNodeId": "HN1111",
                "columnName": "descriptor",
                "rdfLiteralType": null,
                "language": "",
                "userSemanticTypes": [
                    {
                        "hNodeId": "HN1111",
                        "domain": {
                            "uri": "http://scharp.usc.isi.edu/ontology/AirUnit"
                        },
                        "type": {
                            "uri": "http://scharp.usc.isi.edu/ontology/course"
                        },
                        "origin": "User",
                        "confidenceScore": 1.0
                    }
                ],
                "learnedSemanticTypes": null,
                "modelIds": null
            },
            {
                "id": "HN1122",
                "label": {
                    "uri": "HN1122"
                },
                "type": "ColumnNode",
                "hNodeId": "HN1122",
                "columnName": "descriptor",
                "rdfLiteralType": null,
                "language": "",
                "userSemanticTypes": [
                    {
                        "hNodeId": "HN1122",
                        "domain": {
                            "uri": "http://scharp.usc.isi.edu/ontology/Point"
                        },
                        "type": {
                            "uri": "http://scharp.usc.isi.edu/ontology/latitude"
                        },
                        "origin": "User",
                        "confidenceScore": 1.0
                    }
                ],
                "learnedSemanticTypes": null,
                "modelIds": null
            },
            {
                "id": "HN1354",
                "label": {
                    "uri": "HN1354"
                },
                "type": "ColumnNode",
                "hNodeId": "HN1354",
                "columnName": "iso_timestamp",
                "rdfLiteralType": null,
                "language": "",
                "userSemanticTypes": [
                    {
                        "hNodeId": "HN1354",
                        "domain": {
                            "uri": "http://scharp.usc.isi.edu/ontology/Message"
                        },
                        "type": {
                            "uri": "http://scharp.usc.isi.edu/ontology/timeStamp"
                        },
                        "origin": "User",
                        "confidenceScore": 1.0
                    }
                ],
                "learnedSemanticTypes": null,
                "modelIds": null
            }
        ],
        "links": [
            {
                "id": "http://scharp.usc.isi.edu/ontology/AirUnit1---http://scharp.usc.isi.edu/ontology/location---http://scharp.usc.isi.edu/ontology/Point1",
                "weight": 0.009999999776482582,
                "type": "ObjectPropertyLink",
                "label": {
                    "uri": "http://scharp.usc.isi.edu/ontology/location"
                },
                "objectPropertyType": "WithoutDomainAndRange",
                "status": "ForcedByUser",
                "keyInfo": "None",
                "modelIds": null
            },
            {
                "id": "http://scharp.usc.isi.edu/ontology/Message1---http://scharp.usc.isi.edu/ontology/mention---http://scharp.usc.isi.edu/ontology/Track1",
                "weight": 0.009999999776482582,
                "type": "ObjectPropertyLink",
                "label": {
                    "uri": "http://scharp.usc.isi.edu/ontology/mention"
                },
                "objectPropertyType": "WithOnlyDomain",
                "status": "ForcedByUser",
                "keyInfo": "None",
                "modelIds": null
            },
            {
                "id": "http://scharp.usc.isi.edu/ontology/Track1---http://scharp.usc.isi.edu/ontology/track---http://scharp.usc.isi.edu/ontology/AirUnit1",
                "weight": 0.009999999776482582,
                "type": "ObjectPropertyLink",
                "label": {
                    "uri": "http://scharp.usc.isi.edu/ontology/track"
                },
                "objectPropertyType": "Indirect",
                "status": "ForcedByUser",
                "keyInfo": "None",
                "modelIds": null
            },
            {
                "id": "http://scharp.usc.isi.edu/ontology/Track1---http://scharp.usc.isi.edu/ontology/trackNum---HN930",
                "weight": 0.01,
                "type": "DataPropertyLink",
                "label": {
                    "uri": "http://scharp.usc.isi.edu/ontology/trackNum"
                },
                "status": "ForcedByUser",
                "keyInfo": "None",
                "modelIds": null
            },
            {
                "id": "http://scharp.usc.isi.edu/ontology/AirUnit1---http://scharp.usc.isi.edu/ontology/speed---HN1133",
                "weight": 0.01,
                "type": "DataPropertyLink",
                "label": {
                    "uri": "http://scharp.usc.isi.edu/ontology/speed"
                },
                "status": "ForcedByUser",
                "keyInfo": "None",
                "modelIds": null
            },
            {
                "id": "http://scharp.usc.isi.edu/ontology/Track1---http://scharp.usc.isi.edu/ontology/trackIdentity---HN906",
                "weight": 0.01,
                "type": "DataPropertyLink",
                "label": {
                    "uri": "http://scharp.usc.isi.edu/ontology/trackIdentity"
                },
                "status": "ForcedByUser",
                "keyInfo": "None",
                "modelIds": null
            },
            {
                "id": "http://scharp.usc.isi.edu/ontology/Track1---http://isi.edu/integration/karma/dev#classLink---HN1347",
                "weight": 0.01,
                "type": "ClassInstanceLink",
                "label": {
                    "uri": "http://isi.edu/integration/karma/dev#classLink"
                },
                "status": "ForcedByUser",
                "keyInfo": "UriOfInstance",
                "modelIds": null
            },
            {
                "id": "http://scharp.usc.isi.edu/ontology/Point1---http://scharp.usc.isi.edu/ontology/longitude---HN1089",
                "weight": 0.01,
                "type": "DataPropertyLink",
                "label": {
                    "uri": "http://scharp.usc.isi.edu/ontology/longitude"
                },
                "status": "ForcedByUser",
                "keyInfo": "None",
                "modelIds": null
            },
            {
                "id": "http://scharp.usc.isi.edu/ontology/Message1---http://scharp.usc.isi.edu/ontology/identifier---HN766",
                "weight": 0.01,
                "type": "DataPropertyLink",
                "label": {
                    "uri": "http://scharp.usc.isi.edu/ontology/identifier"
                },
                "status": "ForcedByUser",
                "keyInfo": "None",
                "modelIds": null
            },
            {
                "id": "http://scharp.usc.isi.edu/ontology/Message1---http://isi.edu/integration/karma/dev#classLink---HN1342",
                "weight": 0.01,
                "type": "ClassInstanceLink",
                "label": {
                    "uri": "http://isi.edu/integration/karma/dev#classLink"
                },
                "status": "ForcedByUser",
                "keyInfo": "UriOfInstance",
                "modelIds": null
            },
            {
                "id": "http://scharp.usc.isi.edu/ontology/AirUnit1---http://scharp.usc.isi.edu/ontology/type---HN1005",
                "weight": 0.01,
                "type": "DataPropertyLink",
                "label": {
                    "uri": "http://scharp.usc.isi.edu/ontology/type"
                },
                "status": "ForcedByUser",
                "keyInfo": "None",
                "modelIds": null
            },
            {
                "id": "http://scharp.usc.isi.edu/ontology/AirUnit1---http://scharp.usc.isi.edu/ontology/course---HN1111",
                "weight": 0.01,
                "type": "DataPropertyLink",
                "label": {
                    "uri": "http://scharp.usc.isi.edu/ontology/course"
                },
                "status": "ForcedByUser",
                "keyInfo": "None",
                "modelIds": null
            },
            {
                "id": "http://scharp.usc.isi.edu/ontology/Point1---http://scharp.usc.isi.edu/ontology/latitude---HN1122",
                "weight": 0.01,
                "type": "DataPropertyLink",
                "label": {
                    "uri": "http://scharp.usc.isi.edu/ontology/latitude"
                },
                "status": "ForcedByUser",
                "keyInfo": "None",
                "modelIds": null
            },
            {
                "id": "http://scharp.usc.isi.edu/ontology/Message1---http://scharp.usc.isi.edu/ontology/timeStamp---HN1354",
                "weight": 0.01,
                "type": "DataPropertyLink",
                "label": {
                    "uri": "http://scharp.usc.isi.edu/ontology/timeStamp"
                },
                "status": "ForcedByUser",
                "keyInfo": "None",
                "modelIds": null
            }
        ]
    }
}