{
    "id": "FstatClosed.json",
    "name": "FstatClosed.json",
    "description": null,
    "sourceColumns": [
        {
            "id": "HN13",
            "hNodeId": "HN13",
            "columnName": "output"
        },
        {
            "id": "HN39",
            "hNodeId": "HN39",
            "columnName": "airbase_uri"
        },
        {
            "id": "HN15",
            "hNodeId": "HN15",
            "columnName": "action"
        },
        {
            "id": "HN9",
            "hNodeId": "HN9",
            "columnName": "simtime"
        },
        {
            "id": "HN17",
            "hNodeId": "HN17",
            "columnName": "value"
        },
        {
            "id": "HN11",
            "hNodeId": "HN11",
            "columnName": "unit"
        }
    ],
    "mappingToSourceColumns": [
        {
            "id": "HN39",
            "sourceColumnId": "HN39"
        },
        {
            "id": "HN13",
            "sourceColumnId": "HN13"
        },
        {
            "id": "HN15",
            "sourceColumnId": "HN15"
        },
        {
            "id": "HN9",
            "sourceColumnId": "HN9"
        },
        {
            "id": "HN17",
            "sourceColumnId": "HN17"
        },
        {
            "id": "HN11",
            "sourceColumnId": "HN11"
        }
    ],
    "graph": {
        "nodes": [
            {
                "id": "http://scharp.usc.isi.edu/ontology/Message1",
                "label": {
                    "uri": "http://scharp.usc.isi.edu/ontology/Message"
                },
                "type": "InternalNode",
                "modelIds": null
            },
            {
                "id": "http://scharp.usc.isi.edu/ontology/Airbase1",
                "label": {
                    "uri": "http://scharp.usc.isi.edu/ontology/Airbase"
                },
                "type": "InternalNode",
                "modelIds": null
            },
            {
                "id": "HN13",
                "label": {
                    "uri": "HN13"
                },
                "type": "ColumnNode",
                "hNodeId": "HN13",
                "columnName": "output",
                "rdfLiteralType": null,
                "language": "",
                "userSemanticTypes": [
                    {
                        "hNodeId": "HN13",
                        "domain": {
                            "uri": "http://scharp.usc.isi.edu/ontology/Airbase"
                        },
                        "type": {
                            "uri": "http://scharp.usc.isi.edu/ontology/output"
                        },
                        "origin": "User",
                        "confidenceScore": 1.0
                    }
                ],
                "learnedSemanticTypes": null,
                "modelIds": null
            },
            {
                "id": "HN39",
                "label": {
                    "uri": "HN39"
                },
                "type": "ColumnNode",
                "hNodeId": "HN39",
                "columnName": "airbase_uri",
                "rdfLiteralType": null,
                "language": "",
                "userSemanticTypes": [
                    {
                        "hNodeId": "HN39",
                        "domain": {
                            "uri": "http://scharp.usc.isi.edu/ontology/Airbase"
                        },
                        "type": {
                            "uri": "http://isi.edu/integration/karma/dev#classLink"
                        },
                        "origin": "User",
                        "confidenceScore": 1.0
                    }
                ],
                "learnedSemanticTypes": [
                    {
                        "hNodeId": "HN39",
                        "domain": {
                            "uri": "http://scharp.usc.isi.edu/ontology/Airbase"
                        },
                        "type": {
                            "uri": "http://isi.edu/integration/karma/dev#classLink"
                        },
                        "origin": "TfIdfModel",
                        "confidenceScore": 0.7968134096150545
                    },
                    {
                        "hNodeId": "HN39",
                        "domain": {
                            "uri": "http://scharp.usc.isi.edu/ontology/Airbase"
                        },
                        "type": {
                            "uri": "http://scharp.usc.isi.edu/ontology/name"
                        },
                        "origin": "TfIdfModel",
                        "confidenceScore": 0.10785517620984716
                    },
                    {
                        "hNodeId": "HN39",
                        "domain": {
                            "uri": "http://scharp.usc.isi.edu/ontology/Airbase"
                        },
                        "type": {
                            "uri": "http://scharp.usc.isi.edu/ontology/output"
                        },
                        "origin": "TfIdfModel",
                        "confidenceScore": 0.0953314141750983
                    }
                ],
                "modelIds": null
            },
            {
                "id": "HN15",
                "label": {
                    "uri": "HN15"
                },
                "type": "ColumnNode",
                "hNodeId": "HN15",
                "columnName": "action",
                "rdfLiteralType": null,
                "language": "",
                "userSemanticTypes": [
                    {
                        "hNodeId": "HN15",
                        "domain": {
                            "uri": "http://scharp.usc.isi.edu/ontology/Airbase"
                        },
                        "type": {
                            "uri": "http://scharp.usc.isi.edu/ontology/action"
                        },
                        "origin": "User",
                        "confidenceScore": 1.0
                    }
                ],
                "learnedSemanticTypes": null,
                "modelIds": null
            },
            {
                "id": "HN9",
                "label": {
                    "uri": "HN9"
                },
                "type": "ColumnNode",
                "hNodeId": "HN9",
                "columnName": "simtime",
                "rdfLiteralType": null,
                "language": "",
                "userSemanticTypes": [
                    {
                        "hNodeId": "HN9",
                        "domain": {
                            "uri": "http://scharp.usc.isi.edu/ontology/Message"
                        },
                        "type": {
                            "uri": "http://scharp.usc.isi.edu/ontology/timeStamp"
                        },
                        "origin": "User",
                        "confidenceScore": 1.0
                    }
                ],
                "learnedSemanticTypes": null,
                "modelIds": null
            },
            {
                "id": "HN17",
                "label": {
                    "uri": "HN17"
                },
                "type": "ColumnNode",
                "hNodeId": "HN17",
                "columnName": "value",
                "rdfLiteralType": null,
                "language": "",
                "userSemanticTypes": [
                    {
                        "hNodeId": "HN17",
                        "domain": {
                            "uri": "http://scharp.usc.isi.edu/ontology/Airbase"
                        },
                        "type": {
                            "uri": "http://scharp.usc.isi.edu/ontology/currentStatus"
                        },
                        "origin": "User",
                        "confidenceScore": 1.0
                    }
                ],
                "learnedSemanticTypes": null,
                "modelIds": null
            },
            {
                "id": "HN11",
                "label": {
                    "uri": "HN11"
                },
                "type": "ColumnNode",
                "hNodeId": "HN11",
                "columnName": "unit",
                "rdfLiteralType": null,
                "language": "",
                "userSemanticTypes": [
                    {
                        "hNodeId": "HN11",
                        "domain": {
                            "uri": "http://scharp.usc.isi.edu/ontology/Airbase"
                        },
                        "type": {
                            "uri": "http://scharp.usc.isi.edu/ontology/name"
                        },
                        "origin": "User",
                        "confidenceScore": 1.0
                    }
                ],
                "learnedSemanticTypes": null,
                "modelIds": null
            }
        ],
        "links": [
            {
                "id": "http://scharp.usc.isi.edu/ontology/Message1---http://scharp.usc.isi.edu/ontology/mention---http://scharp.usc.isi.edu/ontology/Airbase1",
                "weight": 0.009999999776482582,
                "type": "ObjectPropertyLink",
                "label": {
                    "uri": "http://scharp.usc.isi.edu/ontology/mention"
                },
                "objectPropertyType": "WithOnlyDomain",
                "status": "ForcedByUser",
                "keyInfo": "None",
                "modelIds": null
            },
            {
                "id": "http://scharp.usc.isi.edu/ontology/Airbase1---http://scharp.usc.isi.edu/ontology/output---HN13",
                "weight": 0.01,
                "type": "DataPropertyLink",
                "label": {
                    "uri": "http://scharp.usc.isi.edu/ontology/output"
                },
                "status": "ForcedByUser",
                "keyInfo": "None",
                "modelIds": null
            },
            {
                "id": "http://scharp.usc.isi.edu/ontology/Airbase1---http://isi.edu/integration/karma/dev#classLink---HN39",
                "weight": 0.01,
                "type": "ClassInstanceLink",
                "label": {
                    "uri": "http://isi.edu/integration/karma/dev#classLink"
                },
                "status": "ForcedByUser",
                "keyInfo": "UriOfInstance",
                "modelIds": null
            },
            {
                "id": "http://scharp.usc.isi.edu/ontology/Airbase1---http://scharp.usc.isi.edu/ontology/action---HN15",
                "weight": 0.01,
                "type": "DataPropertyLink",
                "label": {
                    "uri": "http://scharp.usc.isi.edu/ontology/action"
                },
                "status": "ForcedByUser",
                "keyInfo": "None",
                "modelIds": null
            },
            {
                "id": "http://scharp.usc.isi.edu/ontology/Message1---http://scharp.usc.isi.edu/ontology/timeStamp---HN9",
                "weight": 0.01,
                "type": "DataPropertyLink",
                "label": {
                    "uri": "http://scharp.usc.isi.edu/ontology/timeStamp"
                },
                "status": "ForcedByUser",
                "keyInfo": "None",
                "modelIds": null
            },
            {
                "id": "http://scharp.usc.isi.edu/ontology/Airbase1---http://scharp.usc.isi.edu/ontology/currentStatus---HN17",
                "weight": 0.01,
                "type": "DataPropertyLink",
                "label": {
                    "uri": "http://scharp.usc.isi.edu/ontology/currentStatus"
                },
                "status": "ForcedByUser",
                "keyInfo": "None",
                "modelIds": null
            },
            {
                "id": "http://scharp.usc.isi.edu/ontology/Airbase1---http://scharp.usc.isi.edu/ontology/name---HN11",
                "weight": 0.01,
                "type": "DataPropertyLink",
                "label": {
                    "uri": "http://scharp.usc.isi.edu/ontology/name"
                },
                "status": "ForcedByUser",
                "keyInfo": "None",
                "modelIds": null
            }
        ]
    }
}