{
    "id": "link16_00007.json",
    "name": "link16_00007.json",
    "description": null,
    "sourceColumns": [
        {
            "id": "HN760",
            "hNodeId": "HN760",
            "columnName": "fuelU"
        },
        {
            "id": "HN615",
            "hNodeId": "HN615",
            "columnName": "air_specific_type"
        },
        {
            "id": "HN775",
            "hNodeId": "HN775",
            "columnName": "message_uri"
        },
        {
            "id": "HN765",
            "hNodeId": "HN765",
            "columnName": "fuelQ"
        },
        {
            "id": "HN780",
            "hNodeId": "HN780",
            "columnName": "unit_uri"
        },
        {
            "id": "HN666",
            "hNodeId": "HN666",
            "columnName": "name"
        },
        {
            "id": "HN770",
            "hNodeId": "HN770",
            "columnName": "event_time"
        },
        {
            "id": "HN693",
            "hNodeId": "HN693",
            "columnName": "track_number_reference"
        }
    ],
    "mappingToSourceColumns": [
        {
            "id": "HN615",
            "sourceColumnId": "HN615"
        },
        {
            "id": "HN760",
            "sourceColumnId": "HN760"
        },
        {
            "id": "HN775",
            "sourceColumnId": "HN775"
        },
        {
            "id": "HN765",
            "sourceColumnId": "HN765"
        },
        {
            "id": "HN666",
            "sourceColumnId": "HN666"
        },
        {
            "id": "HN780",
            "sourceColumnId": "HN780"
        },
        {
            "id": "HN770",
            "sourceColumnId": "HN770"
        },
        {
            "id": "HN693",
            "sourceColumnId": "HN693"
        }
    ],
    "graph": {
        "nodes": [
            {
                "id": "http://scharp.usc.isi.edu/ontology/AirUnit1",
                "label": {
                    "uri": "http://scharp.usc.isi.edu/ontology/AirUnit"
                },
                "type": "InternalNode",
                "modelIds": null
            },
            {
                "id": "http://scharp.usc.isi.edu/ontology/Attributes1",
                "label": {
                    "uri": "http://scharp.usc.isi.edu/ontology/Attributes"
                },
                "type": "InternalNode",
                "modelIds": null
            },
            {
                "id": "http://scharp.usc.isi.edu/ontology/Message1",
                "label": {
                    "uri": "http://scharp.usc.isi.edu/ontology/Message"
                },
                "type": "InternalNode",
                "modelIds": null
            },
            {
                "id": "HN760",
                "label": {
                    "uri": "HN760"
                },
                "type": "ColumnNode",
                "hNodeId": "HN760",
                "columnName": "fuelU",
                "rdfLiteralType": null,
                "language": "",
                "userSemanticTypes": [
                    {
                        "hNodeId": "HN760",
                        "domain": {
                            "uri": "http://scharp.usc.isi.edu/ontology/Attributes"
                        },
                        "type": {
                            "uri": "http://scharp.usc.isi.edu/ontology/fuelQuantityUnit"
                        },
                        "origin": "User",
                        "confidenceScore": 1.0
                    }
                ],
                "learnedSemanticTypes": null,
                "modelIds": null
            },
            {
                "id": "HN615",
                "label": {
                    "uri": "HN615"
                },
                "type": "ColumnNode",
                "hNodeId": "HN615",
                "columnName": "air_specific_type",
                "rdfLiteralType": null,
                "language": "",
                "userSemanticTypes": [
                    {
                        "hNodeId": "HN615",
                        "domain": {
                            "uri": "http://scharp.usc.isi.edu/ontology/Attributes"
                        },
                        "type": {
                            "uri": "http://scharp.usc.isi.edu/ontology/aircraftType"
                        },
                        "origin": "User",
                        "confidenceScore": 1.0
                    }
                ],
                "learnedSemanticTypes": null,
                "modelIds": null
            },
            {
                "id": "HN775",
                "label": {
                    "uri": "HN775"
                },
                "type": "ColumnNode",
                "hNodeId": "HN775",
                "columnName": "message_uri",
                "rdfLiteralType": null,
                "language": "",
                "userSemanticTypes": [
                    {
                        "hNodeId": "HN775",
                        "domain": {
                            "uri": "http://scharp.usc.isi.edu/ontology/Message"
                        },
                        "type": {
                            "uri": "http://isi.edu/integration/karma/dev#classLink"
                        },
                        "origin": "User",
                        "confidenceScore": 1.0
                    }
                ],
                "learnedSemanticTypes": null,
                "modelIds": null
            },
            {
                "id": "HN765",
                "label": {
                    "uri": "HN765"
                },
                "type": "ColumnNode",
                "hNodeId": "HN765",
                "columnName": "fuelQ",
                "rdfLiteralType": null,
                "language": "",
                "userSemanticTypes": [
                    {
                        "hNodeId": "HN765",
                        "domain": {
                            "uri": "http://scharp.usc.isi.edu/ontology/Attributes"
                        },
                        "type": {
                            "uri": "http://scharp.usc.isi.edu/ontology/fuelQuantity"
                        },
                        "origin": "User",
                        "confidenceScore": 1.0
                    }
                ],
                "learnedSemanticTypes": null,
                "modelIds": null
            },
            {
                "id": "HN780",
                "label": {
                    "uri": "HN780"
                },
                "type": "ColumnNode",
                "hNodeId": "HN780",
                "columnName": "unit_uri",
                "rdfLiteralType": null,
                "language": "",
                "userSemanticTypes": [
                    {
                        "hNodeId": "HN780",
                        "domain": {
                            "uri": "http://scharp.usc.isi.edu/ontology/AirUnit"
                        },
                        "type": {
                            "uri": "http://isi.edu/integration/karma/dev#classLink"
                        },
                        "origin": "User",
                        "confidenceScore": 1.0
                    }
                ],
                "learnedSemanticTypes": null,
                "modelIds": null
            },
            {
                "id": "HN666",
                "label": {
                    "uri": "HN666"
                },
                "type": "ColumnNode",
                "hNodeId": "HN666",
                "columnName": "name",
                "rdfLiteralType": null,
                "language": "",
                "userSemanticTypes": [
                    {
                        "hNodeId": "HN666",
                        "domain": {
                            "uri": "http://scharp.usc.isi.edu/ontology/Message"
                        },
                        "type": {
                            "uri": "http://scharp.usc.isi.edu/ontology/event"
                        },
                        "origin": "User",
                        "confidenceScore": 1.0
                    }
                ],
                "learnedSemanticTypes": null,
                "modelIds": null
            },
            {
                "id": "HN770",
                "label": {
                    "uri": "HN770"
                },
                "type": "ColumnNode",
                "hNodeId": "HN770",
                "columnName": "event_time",
                "rdfLiteralType": null,
                "language": "",
                "userSemanticTypes": [
                    {
                        "hNodeId": "HN770",
                        "domain": {
                            "uri": "http://scharp.usc.isi.edu/ontology/Message"
                        },
                        "type": {
                            "uri": "http://scharp.usc.isi.edu/ontology/eventTime"
                        },
                        "origin": "User",
                        "confidenceScore": 1.0
                    }
                ],
                "learnedSemanticTypes": null,
                "modelIds": null
            },
            {
                "id": "HN693",
                "label": {
                    "uri": "HN693"
                },
                "type": "ColumnNode",
                "hNodeId": "HN693",
                "columnName": "track_number_reference",
                "rdfLiteralType": null,
                "language": "",
                "userSemanticTypes": [
                    {
                        "hNodeId": "HN693",
                        "domain": {
                            "uri": "http://scharp.usc.isi.edu/ontology/AirUnit"
                        },
                        "type": {
                            "uri": "http://scharp.usc.isi.edu/ontology/trackNum"
                        },
                        "origin": "User",
                        "confidenceScore": 1.0
                    }
                ],
                "learnedSemanticTypes": null,
                "modelIds": null
            }
        ],
        "links": [
            {
                "id": "http://scharp.usc.isi.edu/ontology/AirUnit1---http://scharp.usc.isi.edu/ontology/attributes---http://scharp.usc.isi.edu/ontology/Attributes1",
                "weight": 0.009999999776482582,
                "type": "ObjectPropertyLink",
                "label": {
                    "uri": "http://scharp.usc.isi.edu/ontology/attributes"
                },
                "objectPropertyType": "None",
                "status": "ForcedByUser",
                "keyInfo": "None",
                "modelIds": null
            },
            {
                "id": "http://scharp.usc.isi.edu/ontology/Message1---http://scharp.usc.isi.edu/ontology/aircraft---http://scharp.usc.isi.edu/ontology/AirUnit1",
                "weight": 0.009999999776482582,
                "type": "ObjectPropertyLink",
                "label": {
                    "uri": "http://scharp.usc.isi.edu/ontology/aircraft"
                },
                "objectPropertyType": "WithOnlyDomain",
                "status": "ForcedByUser",
                "keyInfo": "None",
                "modelIds": null
            },
            {
                "id": "http://scharp.usc.isi.edu/ontology/Attributes1---http://scharp.usc.isi.edu/ontology/fuelQuantityUnit---HN760",
                "weight": 0.01,
                "type": "DataPropertyLink",
                "label": {
                    "uri": "http://scharp.usc.isi.edu/ontology/fuelQuantityUnit"
                },
                "status": "ForcedByUser",
                "keyInfo": "None",
                "modelIds": null
            },
            {
                "id": "http://scharp.usc.isi.edu/ontology/Attributes1---http://scharp.usc.isi.edu/ontology/aircraftType---HN615",
                "weight": 0.01,
                "type": "DataPropertyLink",
                "label": {
                    "uri": "http://scharp.usc.isi.edu/ontology/aircraftType"
                },
                "status": "ForcedByUser",
                "keyInfo": "None",
                "modelIds": null
            },
            {
                "id": "http://scharp.usc.isi.edu/ontology/Message1---http://isi.edu/integration/karma/dev#classLink---HN775",
                "weight": 0.01,
                "type": "ClassInstanceLink",
                "label": {
                    "uri": "http://isi.edu/integration/karma/dev#classLink"
                },
                "status": "ForcedByUser",
                "keyInfo": "UriOfInstance",
                "modelIds": null
            },
            {
                "id": "http://scharp.usc.isi.edu/ontology/Attributes1---http://scharp.usc.isi.edu/ontology/fuelQuantity---HN765",
                "weight": 0.01,
                "type": "DataPropertyLink",
                "label": {
                    "uri": "http://scharp.usc.isi.edu/ontology/fuelQuantity"
                },
                "status": "ForcedByUser",
                "keyInfo": "None",
                "modelIds": null
            },
            {
                "id": "http://scharp.usc.isi.edu/ontology/AirUnit1---http://isi.edu/integration/karma/dev#classLink---HN780",
                "weight": 0.01,
                "type": "ClassInstanceLink",
                "label": {
                    "uri": "http://isi.edu/integration/karma/dev#classLink"
                },
                "status": "ForcedByUser",
                "keyInfo": "UriOfInstance",
                "modelIds": null
            },
            {
                "id": "http://scharp.usc.isi.edu/ontology/Message1---http://scharp.usc.isi.edu/ontology/event---HN666",
                "weight": 0.01,
                "type": "DataPropertyLink",
                "label": {
                    "uri": "http://scharp.usc.isi.edu/ontology/event"
                },
                "status": "ForcedByUser",
                "keyInfo": "None",
                "modelIds": null
            },
            {
                "id": "http://scharp.usc.isi.edu/ontology/Message1---http://scharp.usc.isi.edu/ontology/eventTime---HN770",
                "weight": 0.01,
                "type": "DataPropertyLink",
                "label": {
                    "uri": "http://scharp.usc.isi.edu/ontology/eventTime"
                },
                "status": "ForcedByUser",
                "keyInfo": "None",
                "modelIds": null
            },
            {
                "id": "http://scharp.usc.isi.edu/ontology/AirUnit1---http://scharp.usc.isi.edu/ontology/trackNum---HN693",
                "weight": 0.01,
                "type": "DataPropertyLink",
                "label": {
                    "uri": "http://scharp.usc.isi.edu/ontology/trackNum"
                },
                "status": "ForcedByUser",
                "keyInfo": "None",
                "modelIds": null
            }
        ]
    }
}