{
    "id": "Optask.xml",
    "name": "Optask.xml",
    "description": null,
    "sourceColumns": [
        {
            "id": "HN4382",
            "hNodeId": "HN4382",
            "columnName": "link16_callsign"
        },
        {
            "id": "HN4744",
            "hNodeId": "HN4744",
            "columnName": "track_number"
        },
        {
            "id": "HN4502",
            "hNodeId": "HN4502",
            "columnName": "unit_uri"
        },
        {
            "id": "HN2526",
            "hNodeId": "HN2526",
            "columnName": "Platform"
        },
        {
            "id": "HN2510",
            "hNodeId": "HN2510",
            "columnName": "Callsign"
        },
        {
            "id": "HN2522",
            "hNodeId": "HN2522",
            "columnName": "MissionID"
        },
        {
            "id": "HN4622",
            "hNodeId": "HN4622",
            "columnName": "mission_uri"
        }
    ],
    "mappingToSourceColumns": [
        {
            "id": "HN4382",
            "sourceColumnId": "HN4382"
        },
        {
            "id": "HN4502",
            "sourceColumnId": "HN4502"
        },
        {
            "id": "HN4744",
            "sourceColumnId": "HN4744"
        },
        {
            "id": "HN2526",
            "sourceColumnId": "HN2526"
        },
        {
            "id": "HN2510",
            "sourceColumnId": "HN2510"
        },
        {
            "id": "HN4622",
            "sourceColumnId": "HN4622"
        },
        {
            "id": "HN2522",
            "sourceColumnId": "HN2522"
        }
    ],
    "graph": {
        "nodes": [
            {
                "id": "http://scharp.usc.isi.edu/ontology/AirUnit1",
                "label": {
                    "uri": "http://scharp.usc.isi.edu/ontology/AirUnit"
                },
                "type": "InternalNode",
                "modelIds": null
            },
            {
                "id": "http://scharp.usc.isi.edu/ontology/AirMission1",
                "label": {
                    "uri": "http://scharp.usc.isi.edu/ontology/AirMission"
                },
                "type": "InternalNode",
                "modelIds": null
            },
            {
                "id": "HN4382",
                "label": {
                    "uri": "HN4382"
                },
                "type": "ColumnNode",
                "hNodeId": "HN4382",
                "columnName": "link16_callsign",
                "rdfLiteralType": null,
                "language": "",
                "userSemanticTypes": [
                    {
                        "hNodeId": "HN4382",
                        "domain": {
                            "uri": "http://scharp.usc.isi.edu/ontology/AirUnit"
                        },
                        "type": {
                            "uri": "http://scharp.usc.isi.edu/ontology/link16"
                        },
                        "origin": "User",
                        "confidenceScore": 1.0
                    }
                ],
                "learnedSemanticTypes": null,
                "modelIds": null
            },
            {
                "id": "HN4744",
                "label": {
                    "uri": "HN4744"
                },
                "type": "ColumnNode",
                "hNodeId": "HN4744",
                "columnName": "track_number",
                "rdfLiteralType": null,
                "language": "",
                "userSemanticTypes": [
                    {
                        "hNodeId": "HN4744",
                        "domain": {
                            "uri": "http://scharp.usc.isi.edu/ontology/AirUnit"
                        },
                        "type": {
                            "uri": "http://scharp.usc.isi.edu/ontology/trackNum"
                        },
                        "origin": "User",
                        "confidenceScore": 1.0
                    }
                ],
                "learnedSemanticTypes": null,
                "modelIds": null
            },
            {
                "id": "HN4502",
                "label": {
                    "uri": "HN4502"
                },
                "type": "ColumnNode",
                "hNodeId": "HN4502",
                "columnName": "unit_uri",
                "rdfLiteralType": null,
                "language": "",
                "userSemanticTypes": [
                    {
                        "hNodeId": "HN4502",
                        "domain": {
                            "uri": "http://scharp.usc.isi.edu/ontology/AirUnit"
                        },
                        "type": {
                            "uri": "http://isi.edu/integration/karma/dev#classLink"
                        },
                        "origin": "User",
                        "confidenceScore": 1.0
                    }
                ],
                "learnedSemanticTypes": null,
                "modelIds": null
            },
            {
                "id": "HN2526",
                "label": {
                    "uri": "HN2526"
                },
                "type": "ColumnNode",
                "hNodeId": "HN2526",
                "columnName": "Platform",
                "rdfLiteralType": null,
                "language": "",
                "userSemanticTypes": [
                    {
                        "hNodeId": "HN2526",
                        "domain": {
                            "uri": "http://scharp.usc.isi.edu/ontology/AirUnit"
                        },
                        "type": {
                            "uri": "http://scharp.usc.isi.edu/ontology/aircraftType"
                        },
                        "origin": "User",
                        "confidenceScore": 1.0
                    }
                ],
                "learnedSemanticTypes": null,
                "modelIds": null
            },
            {
                "id": "HN2510",
                "label": {
                    "uri": "HN2510"
                },
                "type": "ColumnNode",
                "hNodeId": "HN2510",
                "columnName": "Callsign",
                "rdfLiteralType": null,
                "language": "",
                "userSemanticTypes": [
                    {
                        "hNodeId": "HN2510",
                        "domain": {
                            "uri": "http://scharp.usc.isi.edu/ontology/AirUnit"
                        },
                        "type": {
                            "uri": "http://scharp.usc.isi.edu/ontology/callsign"
                        },
                        "origin": "User",
                        "confidenceScore": 1.0
                    }
                ],
                "learnedSemanticTypes": null,
                "modelIds": null
            },
            {
                "id": "HN2522",
                "label": {
                    "uri": "HN2522"
                },
                "type": "ColumnNode",
                "hNodeId": "HN2522",
                "columnName": "MissionID",
                "rdfLiteralType": null,
                "language": "",
                "userSemanticTypes": [
                    {
                        "hNodeId": "HN2522",
                        "domain": {
                            "uri": "http://scharp.usc.isi.edu/ontology/AirMission"
                        },
                        "type": {
                            "uri": "http://scharp.usc.isi.edu/ontology/missionId"
                        },
                        "origin": "User",
                        "confidenceScore": 1.0
                    }
                ],
                "learnedSemanticTypes": null,
                "modelIds": null
            },
            {
                "id": "HN4622",
                "label": {
                    "uri": "HN4622"
                },
                "type": "ColumnNode",
                "hNodeId": "HN4622",
                "columnName": "mission_uri",
                "rdfLiteralType": null,
                "language": "",
                "userSemanticTypes": [
                    {
                        "hNodeId": "HN4622",
                        "domain": {
                            "uri": "http://scharp.usc.isi.edu/ontology/AirMission"
                        },
                        "type": {
                            "uri": "http://isi.edu/integration/karma/dev#classLink"
                        },
                        "origin": "User",
                        "confidenceScore": 1.0
                    }
                ],
                "learnedSemanticTypes": null,
                "modelIds": null
            }
        ],
        "links": [
            {
                "id": "http://scharp.usc.isi.edu/ontology/AirUnit1---http://scharp.usc.isi.edu/ontology/inMission---http://scharp.usc.isi.edu/ontology/AirMission1",
                "weight": 0.009999999776482582,
                "type": "ObjectPropertyLink",
                "label": {
                    "uri": "http://scharp.usc.isi.edu/ontology/inMission"
                },
                "objectPropertyType": "Direct",
                "status": "ForcedByUser",
                "keyInfo": "None",
                "modelIds": null
            },
            {
                "id": "http://scharp.usc.isi.edu/ontology/AirUnit1---http://scharp.usc.isi.edu/ontology/link16---HN4382",
                "weight": 0.01,
                "type": "DataPropertyLink",
                "label": {
                    "uri": "http://scharp.usc.isi.edu/ontology/link16"
                },
                "status": "ForcedByUser",
                "keyInfo": "None",
                "modelIds": null
            },
            {
                "id": "http://scharp.usc.isi.edu/ontology/AirUnit1---http://scharp.usc.isi.edu/ontology/trackNum---HN4744",
                "weight": 0.01,
                "type": "DataPropertyLink",
                "label": {
                    "uri": "http://scharp.usc.isi.edu/ontology/trackNum"
                },
                "status": "ForcedByUser",
                "keyInfo": "None",
                "modelIds": null
            },
            {
                "id": "http://scharp.usc.isi.edu/ontology/AirUnit1---http://isi.edu/integration/karma/dev#classLink---HN4502",
                "weight": 0.01,
                "type": "ClassInstanceLink",
                "label": {
                    "uri": "http://isi.edu/integration/karma/dev#classLink"
                },
                "status": "ForcedByUser",
                "keyInfo": "UriOfInstance",
                "modelIds": null
            },
            {
                "id": "http://scharp.usc.isi.edu/ontology/AirUnit1---http://scharp.usc.isi.edu/ontology/aircraftType---HN2526",
                "weight": 0.01,
                "type": "DataPropertyLink",
                "label": {
                    "uri": "http://scharp.usc.isi.edu/ontology/aircraftType"
                },
                "status": "ForcedByUser",
                "keyInfo": "None",
                "modelIds": null
            },
            {
                "id": "http://scharp.usc.isi.edu/ontology/AirUnit1---http://scharp.usc.isi.edu/ontology/callsign---HN2510",
                "weight": 0.01,
                "type": "DataPropertyLink",
                "label": {
                    "uri": "http://scharp.usc.isi.edu/ontology/callsign"
                },
                "status": "ForcedByUser",
                "keyInfo": "None",
                "modelIds": null
            },
            {
                "id": "http://scharp.usc.isi.edu/ontology/AirMission1---http://scharp.usc.isi.edu/ontology/missionId---HN2522",
                "weight": 0.01,
                "type": "DataPropertyLink",
                "label": {
                    "uri": "http://scharp.usc.isi.edu/ontology/missionId"
                },
                "status": "ForcedByUser",
                "keyInfo": "None",
                "modelIds": null
            },
            {
                "id": "http://scharp.usc.isi.edu/ontology/AirMission1---http://isi.edu/integration/karma/dev#classLink---HN4622",
                "weight": 0.01,
                "type": "ClassInstanceLink",
                "label": {
                    "uri": "http://isi.edu/integration/karma/dev#classLink"
                },
                "status": "ForcedByUser",
                "keyInfo": "UriOfInstance",
                "modelIds": null
            }
        ]
    }
}