{
    "id": "part-00000-2",
    "name": "part-00000-2",
    "description": null,
    "sourceColumns": [
        {
            "id": "HN170",
            "hNodeId": "HN170",
            "columnName": "descriptor"
        },
        {
            "id": "HN810",
            "hNodeId": "HN810",
            "columnName": "fuelQ"
        },
        {
            "id": "HN820",
            "hNodeId": "HN820",
            "columnName": "event"
        },
        {
            "id": "HN838",
            "hNodeId": "HN838",
            "columnName": "fuelU"
        },
        {
            "id": "HN261",
            "hNodeId": "HN261",
            "columnName": "descriptor"
        },
        {
            "id": "HN815",
            "hNodeId": "HN815",
            "columnName": "event_time"
        }
    ],
    "mappingToSourceColumns": [
        {
            "id": "HN170",
            "sourceColumnId": "HN170"
        },
        {
            "id": "HN810",
            "sourceColumnId": "HN810"
        },
        {
            "id": "HN820",
            "sourceColumnId": "HN820"
        },
        {
            "id": "HN261",
            "sourceColumnId": "HN261"
        },
        {
            "id": "HN838",
            "sourceColumnId": "HN838"
        },
        {
            "id": "HN815",
            "sourceColumnId": "HN815"
        }
    ],
    "graph": {
        "nodes": [
            {
                "id": "http://scharp.usc.isi.edu/ontology/Message1",
                "label": {
                    "uri": "http://scharp.usc.isi.edu/ontology/Message"
                },
                "type": "InternalNode",
                "modelIds": null
            },
            {
                "id": "HN170",
                "label": {
                    "uri": "HN170"
                },
                "type": "ColumnNode",
                "hNodeId": "HN170",
                "columnName": "descriptor",
                "rdfLiteralType": null,
                "language": "",
                "userSemanticTypes": [
                    {
                        "hNodeId": "HN170",
                        "domain": {
                            "uri": "http://scharp.usc.isi.edu/ontology/Message"
                        },
                        "type": {
                            "uri": "http://scharp.usc.isi.edu/ontology/trackNum"
                        },
                        "origin": "User",
                        "confidenceScore": 1.0
                    }
                ],
                "learnedSemanticTypes": null,
                "modelIds": null
            },
            {
                "id": "HN810",
                "label": {
                    "uri": "HN810"
                },
                "type": "ColumnNode",
                "hNodeId": "HN810",
                "columnName": "fuelQ",
                "rdfLiteralType": null,
                "language": "",
                "userSemanticTypes": [
                    {
                        "hNodeId": "HN810",
                        "domain": {
                            "uri": "http://scharp.usc.isi.edu/ontology/Message"
                        },
                        "type": {
                            "uri": "http://scharp.usc.isi.edu/ontology/fuelQuantity"
                        },
                        "origin": "User",
                        "confidenceScore": 1.0
                    }
                ],
                "learnedSemanticTypes": null,
                "modelIds": null
            },
            {
                "id": "HN820",
                "label": {
                    "uri": "HN820"
                },
                "type": "ColumnNode",
                "hNodeId": "HN820",
                "columnName": "event",
                "rdfLiteralType": null,
                "language": "",
                "userSemanticTypes": [
                    {
                        "hNodeId": "HN820",
                        "domain": {
                            "uri": "http://scharp.usc.isi.edu/ontology/Message"
                        },
                        "type": {
                            "uri": "http://scharp.usc.isi.edu/ontology/event"
                        },
                        "origin": "User",
                        "confidenceScore": 1.0
                    }
                ],
                "learnedSemanticTypes": null,
                "modelIds": null
            },
            {
                "id": "HN838",
                "label": {
                    "uri": "HN838"
                },
                "type": "ColumnNode",
                "hNodeId": "HN838",
                "columnName": "fuelU",
                "rdfLiteralType": null,
                "language": "",
                "userSemanticTypes": [
                    {
                        "hNodeId": "HN838",
                        "domain": {
                            "uri": "http://scharp.usc.isi.edu/ontology/Message"
                        },
                        "type": {
                            "uri": "http://scharp.usc.isi.edu/ontology/fuelQuantityUnit"
                        },
                        "origin": "User",
                        "confidenceScore": 1.0
                    }
                ],
                "learnedSemanticTypes": [],
                "modelIds": null
            },
            {
                "id": "HN261",
                "label": {
                    "uri": "HN261"
                },
                "type": "ColumnNode",
                "hNodeId": "HN261",
                "columnName": "descriptor",
                "rdfLiteralType": null,
                "language": "",
                "userSemanticTypes": [
                    {
                        "hNodeId": "HN261",
                        "domain": {
                            "uri": "http://scharp.usc.isi.edu/ontology/Message"
                        },
                        "type": {
                            "uri": "http://scharp.usc.isi.edu/ontology/aircraftType"
                        },
                        "origin": "User",
                        "confidenceScore": 1.0
                    }
                ],
                "learnedSemanticTypes": null,
                "modelIds": null
            },
            {
                "id": "HN815",
                "label": {
                    "uri": "HN815"
                },
                "type": "ColumnNode",
                "hNodeId": "HN815",
                "columnName": "event_time",
                "rdfLiteralType": null,
                "language": "",
                "userSemanticTypes": [
                    {
                        "hNodeId": "HN815",
                        "domain": {
                            "uri": "http://scharp.usc.isi.edu/ontology/Message"
                        },
                        "type": {
                            "uri": "http://scharp.usc.isi.edu/ontology/eventTime"
                        },
                        "origin": "User",
                        "confidenceScore": 1.0
                    }
                ],
                "learnedSemanticTypes": null,
                "modelIds": null
            }
        ],
        "links": [
            {
                "id": "http://scharp.usc.isi.edu/ontology/Message1---http://scharp.usc.isi.edu/ontology/trackNum---HN170",
                "weight": 0.01,
                "type": "DataPropertyLink",
                "label": {
                    "uri": "http://scharp.usc.isi.edu/ontology/trackNum"
                },
                "status": "ForcedByUser",
                "keyInfo": "None",
                "modelIds": null
            },
            {
                "id": "http://scharp.usc.isi.edu/ontology/Message1---http://scharp.usc.isi.edu/ontology/fuelQuantity---HN810",
                "weight": 0.01,
                "type": "DataPropertyLink",
                "label": {
                    "uri": "http://scharp.usc.isi.edu/ontology/fuelQuantity"
                },
                "status": "ForcedByUser",
                "keyInfo": "None",
                "modelIds": null
            },
            {
                "id": "http://scharp.usc.isi.edu/ontology/Message1---http://scharp.usc.isi.edu/ontology/event---HN820",
                "weight": 0.01,
                "type": "DataPropertyLink",
                "label": {
                    "uri": "http://scharp.usc.isi.edu/ontology/event"
                },
                "status": "ForcedByUser",
                "keyInfo": "None",
                "modelIds": null
            },
            {
                "id": "http://scharp.usc.isi.edu/ontology/Message1---http://scharp.usc.isi.edu/ontology/fuelQuantityUnit---HN838",
                "weight": 0.01,
                "type": "DataPropertyLink",
                "label": {
                    "uri": "http://scharp.usc.isi.edu/ontology/fuelQuantityUnit"
                },
                "status": "ForcedByUser",
                "keyInfo": "None",
                "modelIds": null
            },
            {
                "id": "http://scharp.usc.isi.edu/ontology/Message1---http://scharp.usc.isi.edu/ontology/aircraftType---HN261",
                "weight": 0.01,
                "type": "DataPropertyLink",
                "label": {
                    "uri": "http://scharp.usc.isi.edu/ontology/aircraftType"
                },
                "status": "ForcedByUser",
                "keyInfo": "None",
                "modelIds": null
            },
            {
                "id": "http://scharp.usc.isi.edu/ontology/Message1---http://scharp.usc.isi.edu/ontology/eventTime---HN815",
                "weight": 0.01,
                "type": "DataPropertyLink",
                "label": {
                    "uri": "http://scharp.usc.isi.edu/ontology/eventTime"
                },
                "status": "ForcedByUser",
                "keyInfo": "None",
                "modelIds": null
            }
        ]
    }
}