{
    "id": "part-00000",
    "name": "part-00000",
    "description": null,
    "sourceColumns": [
        {
            "id": "HN760",
            "hNodeId": "HN760",
            "columnName": "event"
        },
        {
            "id": "HN775",
            "hNodeId": "HN775",
            "columnName": "message_uri"
        },
        {
            "id": "HN435",
            "hNodeId": "HN435",
            "columnName": "descriptor"
        },
        {
            "id": "HN765",
            "hNodeId": "HN765",
            "columnName": "unit_uri"
        },
        {
            "id": "HN786",
            "hNodeId": "HN786",
            "columnName": "course_q"
        },
        {
            "id": "HN791",
            "hNodeId": "HN791",
            "columnName": "speed_q"
        },
        {
            "id": "HN503",
            "hNodeId": "HN503",
            "columnName": "descriptor"
        },
        {
            "id": "HN796",
            "hNodeId": "HN796",
            "columnName": "altitude"
        },
        {
            "id": "HN770",
            "hNodeId": "HN770",
            "columnName": "event_time"
        },
        {
            "id": "HN413",
            "hNodeId": "HN413",
            "columnName": "descriptor"
        },
        {
            "id": "HN386",
            "hNodeId": "HN386",
            "columnName": "value"
        }
    ],
    "mappingToSourceColumns": [
        {
            "id": "HN760",
            "sourceColumnId": "HN760"
        },
        {
            "id": "HN775",
            "sourceColumnId": "HN775"
        },
        {
            "id": "HN765",
            "sourceColumnId": "HN765"
        },
        {
            "id": "HN435",
            "sourceColumnId": "HN435"
        },
        {
            "id": "HN791",
            "sourceColumnId": "HN791"
        },
        {
            "id": "HN786",
            "sourceColumnId": "HN786"
        },
        {
            "id": "HN503",
            "sourceColumnId": "HN503"
        },
        {
            "id": "HN413",
            "sourceColumnId": "HN413"
        },
        {
            "id": "HN770",
            "sourceColumnId": "HN770"
        },
        {
            "id": "HN796",
            "sourceColumnId": "HN796"
        },
        {
            "id": "HN386",
            "sourceColumnId": "HN386"
        }
    ],
    "graph": {
        "nodes": [
            {
                "id": "http://scharp.usc.isi.edu/ontology/Message1",
                "label": {
                    "uri": "http://scharp.usc.isi.edu/ontology/Message"
                },
                "type": "InternalNode",
                "modelIds": null
            },
            {
                "id": "http://scharp.usc.isi.edu/ontology/AirUnit1",
                "label": {
                    "uri": "http://scharp.usc.isi.edu/ontology/AirUnit"
                },
                "type": "InternalNode",
                "modelIds": null
            },
            {
                "id": "http://scharp.usc.isi.edu/ontology/Attributes1",
                "label": {
                    "uri": "http://scharp.usc.isi.edu/ontology/Attributes"
                },
                "type": "InternalNode",
                "modelIds": null
            },
            {
                "id": "http://scharp.usc.isi.edu/ontology/Point1",
                "label": {
                    "uri": "http://scharp.usc.isi.edu/ontology/Point"
                },
                "type": "InternalNode",
                "modelIds": null
            },
            {
                "id": "HN760",
                "label": {
                    "uri": "HN760"
                },
                "type": "ColumnNode",
                "hNodeId": "HN760",
                "columnName": "event",
                "rdfLiteralType": null,
                "language": "",
                "userSemanticTypes": [
                    {
                        "hNodeId": "HN760",
                        "domain": {
                            "uri": "http://scharp.usc.isi.edu/ontology/Message"
                        },
                        "type": {
                            "uri": "http://scharp.usc.isi.edu/ontology/event"
                        },
                        "origin": "User",
                        "confidenceScore": 1.0
                    }
                ],
                "learnedSemanticTypes": null,
                "modelIds": null
            },
            {
                "id": "HN775",
                "label": {
                    "uri": "HN775"
                },
                "type": "ColumnNode",
                "hNodeId": "HN775",
                "columnName": "message_uri",
                "rdfLiteralType": null,
                "language": "",
                "userSemanticTypes": [
                    {
                        "hNodeId": "HN775",
                        "domain": {
                            "uri": "http://scharp.usc.isi.edu/ontology/Message"
                        },
                        "type": {
                            "uri": "http://isi.edu/integration/karma/dev#classLink"
                        },
                        "origin": "User",
                        "confidenceScore": 1.0
                    }
                ],
                "learnedSemanticTypes": null,
                "modelIds": null
            },
            {
                "id": "HN435",
                "label": {
                    "uri": "HN435"
                },
                "type": "ColumnNode",
                "hNodeId": "HN435",
                "columnName": "descriptor",
                "rdfLiteralType": {
                    "uri": "http://www.w3.org/2001/XMLSchema#float"
                },
                "language": "",
                "userSemanticTypes": [
                    {
                        "hNodeId": "HN435",
                        "domain": {
                            "uri": "http://scharp.usc.isi.edu/ontology/Point"
                        },
                        "type": {
                            "uri": "http://scharp.usc.isi.edu/ontology/latitude"
                        },
                        "origin": "User",
                        "confidenceScore": 1.0
                    }
                ],
                "learnedSemanticTypes": null,
                "modelIds": null
            },
            {
                "id": "HN765",
                "label": {
                    "uri": "HN765"
                },
                "type": "ColumnNode",
                "hNodeId": "HN765",
                "columnName": "unit_uri",
                "rdfLiteralType": null,
                "language": "",
                "userSemanticTypes": [
                    {
                        "hNodeId": "HN765",
                        "domain": {
                            "uri": "http://scharp.usc.isi.edu/ontology/AirUnit"
                        },
                        "type": {
                            "uri": "http://isi.edu/integration/karma/dev#classLink"
                        },
                        "origin": "User",
                        "confidenceScore": 1.0
                    }
                ],
                "learnedSemanticTypes": null,
                "modelIds": null
            },
            {
                "id": "HN786",
                "label": {
                    "uri": "HN786"
                },
                "type": "ColumnNode",
                "hNodeId": "HN786",
                "columnName": "course_q",
                "rdfLiteralType": {
                    "uri": "http://www.w3.org/2001/XMLSchema#integer"
                },
                "language": "",
                "userSemanticTypes": [
                    {
                        "hNodeId": "HN786",
                        "domain": {
                            "uri": "http://scharp.usc.isi.edu/ontology/Attributes"
                        },
                        "type": {
                            "uri": "http://scharp.usc.isi.edu/ontology/course"
                        },
                        "origin": "User",
                        "confidenceScore": 1.0
                    }
                ],
                "learnedSemanticTypes": null,
                "modelIds": null
            },
            {
                "id": "HN791",
                "label": {
                    "uri": "HN791"
                },
                "type": "ColumnNode",
                "hNodeId": "HN791",
                "columnName": "speed_q",
                "rdfLiteralType": {
                    "uri": "http://www.w3.org/2001/XMLSchema#integer"
                },
                "language": "",
                "userSemanticTypes": [
                    {
                        "hNodeId": "HN791",
                        "domain": {
                            "uri": "http://scharp.usc.isi.edu/ontology/Attributes"
                        },
                        "type": {
                            "uri": "http://scharp.usc.isi.edu/ontology/speed"
                        },
                        "origin": "User",
                        "confidenceScore": 1.0
                    }
                ],
                "learnedSemanticTypes": null,
                "modelIds": null
            },
            {
                "id": "HN503",
                "label": {
                    "uri": "HN503"
                },
                "type": "ColumnNode",
                "hNodeId": "HN503",
                "columnName": "descriptor",
                "rdfLiteralType": null,
                "language": "",
                "userSemanticTypes": [
                    {
                        "hNodeId": "HN503",
                        "domain": {
                            "uri": "http://scharp.usc.isi.edu/ontology/AirUnit"
                        },
                        "type": {
                            "uri": "http://scharp.usc.isi.edu/ontology/link16"
                        },
                        "origin": "User",
                        "confidenceScore": 1.0
                    }
                ],
                "learnedSemanticTypes": null,
                "modelIds": null
            },
            {
                "id": "HN796",
                "label": {
                    "uri": "HN796"
                },
                "type": "ColumnNode",
                "hNodeId": "HN796",
                "columnName": "altitude",
                "rdfLiteralType": {
                    "uri": "http://www.w3.org/2001/XMLSchema#integer"
                },
                "language": "",
                "userSemanticTypes": [
                    {
                        "hNodeId": "HN796",
                        "domain": {
                            "uri": "http://scharp.usc.isi.edu/ontology/Point"
                        },
                        "type": {
                            "uri": "http://scharp.usc.isi.edu/ontology/altitude"
                        },
                        "origin": "User",
                        "confidenceScore": 1.0
                    }
                ],
                "learnedSemanticTypes": null,
                "modelIds": null
            },
            {
                "id": "HN770",
                "label": {
                    "uri": "HN770"
                },
                "type": "ColumnNode",
                "hNodeId": "HN770",
                "columnName": "event_time",
                "rdfLiteralType": null,
                "language": "",
                "userSemanticTypes": [
                    {
                        "hNodeId": "HN770",
                        "domain": {
                            "uri": "http://scharp.usc.isi.edu/ontology/Message"
                        },
                        "type": {
                            "uri": "http://scharp.usc.isi.edu/ontology/eventTime"
                        },
                        "origin": "User",
                        "confidenceScore": 1.0
                    }
                ],
                "learnedSemanticTypes": null,
                "modelIds": null
            },
            {
                "id": "HN413",
                "label": {
                    "uri": "HN413"
                },
                "type": "ColumnNode",
                "hNodeId": "HN413",
                "columnName": "descriptor",
                "rdfLiteralType": {
                    "uri": "http://www.w3.org/2001/XMLSchema#float"
                },
                "language": "",
                "userSemanticTypes": [
                    {
                        "hNodeId": "HN413",
                        "domain": {
                            "uri": "http://scharp.usc.isi.edu/ontology/Point"
                        },
                        "type": {
                            "uri": "http://scharp.usc.isi.edu/ontology/longitude"
                        },
                        "origin": "User",
                        "confidenceScore": 1.0
                    }
                ],
                "learnedSemanticTypes": null,
                "modelIds": null
            },
            {
                "id": "HN386",
                "label": {
                    "uri": "HN386"
                },
                "type": "ColumnNode",
                "hNodeId": "HN386",
                "columnName": "value",
                "rdfLiteralType": null,
                "language": "",
                "userSemanticTypes": [
                    {
                        "hNodeId": "HN386",
                        "domain": {
                            "uri": "http://scharp.usc.isi.edu/ontology/AirUnit"
                        },
                        "type": {
                            "uri": "http://scharp.usc.isi.edu/ontology/trackNum"
                        },
                        "origin": "User",
                        "confidenceScore": 1.0
                    }
                ],
                "learnedSemanticTypes": null,
                "modelIds": null
            }
        ],
        "links": [
            {
                "id": "http://scharp.usc.isi.edu/ontology/Message1---http://scharp.usc.isi.edu/ontology/aircraft---http://scharp.usc.isi.edu/ontology/AirUnit1",
                "weight": 0.009999999776482582,
                "type": "ObjectPropertyLink",
                "label": {
                    "uri": "http://scharp.usc.isi.edu/ontology/aircraft"
                },
                "objectPropertyType": "WithOnlyDomain",
                "status": "ForcedByUser",
                "keyInfo": "None",
                "modelIds": null
            },
            {
                "id": "http://scharp.usc.isi.edu/ontology/Message1---http://scharp.usc.isi.edu/ontology/attributes---http://scharp.usc.isi.edu/ontology/Attributes1",
                "weight": 0.009999999776482582,
                "type": "ObjectPropertyLink",
                "label": {
                    "uri": "http://scharp.usc.isi.edu/ontology/attributes"
                },
                "objectPropertyType": "WithOnlyDomain",
                "status": "ForcedByUser",
                "keyInfo": "None",
                "modelIds": null
            },
            {
                "id": "http://scharp.usc.isi.edu/ontology/Message1---http://scharp.usc.isi.edu/ontology/location---http://scharp.usc.isi.edu/ontology/Point1",
                "weight": 0.009999999776482582,
                "type": "ObjectPropertyLink",
                "label": {
                    "uri": "http://scharp.usc.isi.edu/ontology/location"
                },
                "objectPropertyType": "WithoutDomainAndRange",
                "status": "ForcedByUser",
                "keyInfo": "None",
                "modelIds": null
            },
            {
                "id": "http://scharp.usc.isi.edu/ontology/Message1---http://scharp.usc.isi.edu/ontology/event---HN760",
                "weight": 0.01,
                "type": "DataPropertyLink",
                "label": {
                    "uri": "http://scharp.usc.isi.edu/ontology/event"
                },
                "status": "ForcedByUser",
                "keyInfo": "None",
                "modelIds": null
            },
            {
                "id": "http://scharp.usc.isi.edu/ontology/Message1---http://isi.edu/integration/karma/dev#classLink---HN775",
                "weight": 0.01,
                "type": "ClassInstanceLink",
                "label": {
                    "uri": "http://isi.edu/integration/karma/dev#classLink"
                },
                "status": "ForcedByUser",
                "keyInfo": "UriOfInstance",
                "modelIds": null
            },
            {
                "id": "http://scharp.usc.isi.edu/ontology/Point1---http://scharp.usc.isi.edu/ontology/latitude---HN435",
                "weight": 0.01,
                "type": "DataPropertyLink",
                "label": {
                    "uri": "http://scharp.usc.isi.edu/ontology/latitude"
                },
                "status": "ForcedByUser",
                "keyInfo": "None",
                "modelIds": null
            },
            {
                "id": "http://scharp.usc.isi.edu/ontology/AirUnit1---http://isi.edu/integration/karma/dev#classLink---HN765",
                "weight": 0.01,
                "type": "ClassInstanceLink",
                "label": {
                    "uri": "http://isi.edu/integration/karma/dev#classLink"
                },
                "status": "ForcedByUser",
                "keyInfo": "UriOfInstance",
                "modelIds": null
            },
            {
                "id": "http://scharp.usc.isi.edu/ontology/Attributes1---http://scharp.usc.isi.edu/ontology/course---HN786",
                "weight": 0.01,
                "type": "DataPropertyLink",
                "label": {
                    "uri": "http://scharp.usc.isi.edu/ontology/course"
                },
                "status": "ForcedByUser",
                "keyInfo": "None",
                "modelIds": null
            },
            {
                "id": "http://scharp.usc.isi.edu/ontology/Attributes1---http://scharp.usc.isi.edu/ontology/speed---HN791",
                "weight": 0.01,
                "type": "DataPropertyLink",
                "label": {
                    "uri": "http://scharp.usc.isi.edu/ontology/speed"
                },
                "status": "ForcedByUser",
                "keyInfo": "None",
                "modelIds": null
            },
            {
                "id": "http://scharp.usc.isi.edu/ontology/AirUnit1---http://scharp.usc.isi.edu/ontology/link16---HN503",
                "weight": 0.01,
                "type": "DataPropertyLink",
                "label": {
                    "uri": "http://scharp.usc.isi.edu/ontology/link16"
                },
                "status": "ForcedByUser",
                "keyInfo": "None",
                "modelIds": null
            },
            {
                "id": "http://scharp.usc.isi.edu/ontology/Point1---http://scharp.usc.isi.edu/ontology/altitude---HN796",
                "weight": 0.01,
                "type": "DataPropertyLink",
                "label": {
                    "uri": "http://scharp.usc.isi.edu/ontology/altitude"
                },
                "status": "ForcedByUser",
                "keyInfo": "None",
                "modelIds": null
            },
            {
                "id": "http://scharp.usc.isi.edu/ontology/Message1---http://scharp.usc.isi.edu/ontology/eventTime---HN770",
                "weight": 0.01,
                "type": "DataPropertyLink",
                "label": {
                    "uri": "http://scharp.usc.isi.edu/ontology/eventTime"
                },
                "status": "ForcedByUser",
                "keyInfo": "None",
                "modelIds": null
            },
            {
                "id": "http://scharp.usc.isi.edu/ontology/Point1---http://scharp.usc.isi.edu/ontology/longitude---HN413",
                "weight": 0.01,
                "type": "DataPropertyLink",
                "label": {
                    "uri": "http://scharp.usc.isi.edu/ontology/longitude"
                },
                "status": "ForcedByUser",
                "keyInfo": "None",
                "modelIds": null
            },
            {
                "id": "http://scharp.usc.isi.edu/ontology/AirUnit1---http://scharp.usc.isi.edu/ontology/trackNum---HN386",
                "weight": 0.01,
                "type": "DataPropertyLink",
                "label": {
                    "uri": "http://scharp.usc.isi.edu/ontology/trackNum"
                },
                "status": "ForcedByUser",
                "keyInfo": "None",
                "modelIds": null
            }
        ]
    }
}