{
    "id": "RSPACE_TE2_JIPTL_v4.json",
    "name": "RSPACE_TE2_JIPTL_v4.json",
    "description": null,
    "sourceColumns": [
        {
            "id": "HN3196",
            "hNodeId": "HN3196",
            "columnName": "FUNC"
        },
        {
            "id": "HN3198",
            "hNodeId": "HN3198",
            "columnName": "PHYS"
        },
        {
            "id": "HN3182",
            "hNodeId": "HN3182",
            "columnName": "BE/UNIT"
        },
        {
            "id": "HN5589",
            "hNodeId": "HN5589",
            "columnName": "target_uri"
        },
        {
            "id": "HN3180",
            "hNodeId": "HN3180",
            "columnName": "CC"
        },
        {
            "id": "HN3190",
            "hNodeId": "HN3190",
            "columnName": "JDPI Name"
        },
        {
            "id": "HN3188",
            "hNodeId": "HN3188",
            "columnName": "JDPI ID"
        },
        {
            "id": "HN3176",
            "hNodeId": "HN3176",
            "columnName": "PRI"
        },
        {
            "id": "HN3174",
            "hNodeId": "HN3174",
            "columnName": "A,B,C"
        },
        {
            "id": "HN6089",
            "hNodeId": "HN6089",
            "columnName": "long"
        },
        {
            "id": "HN3186",
            "hNodeId": "HN3186",
            "columnName": "UNIT NAME"
        },
        {
            "id": "HN5925",
            "hNodeId": "HN5925",
            "columnName": "lat"
        },
        {
            "id": "HN5757",
            "hNodeId": "HN5757",
            "columnName": "jpdi_uri"
        }
    ],
    "mappingToSourceColumns": [
        {
            "id": "HN3188",
            "sourceColumnId": "HN3188"
        },
        {
            "id": "HN3176",
            "sourceColumnId": "HN3176"
        },
        {
            "id": "HN3196",
            "sourceColumnId": "HN3196"
        },
        {
            "id": "HN3174",
            "sourceColumnId": "HN3174"
        },
        {
            "id": "HN3186",
            "sourceColumnId": "HN3186"
        },
        {
            "id": "HN6089",
            "sourceColumnId": "HN6089"
        },
        {
            "id": "HN3198",
            "sourceColumnId": "HN3198"
        },
        {
            "id": "HN3182",
            "sourceColumnId": "HN3182"
        },
        {
            "id": "HN5589",
            "sourceColumnId": "HN5589"
        },
        {
            "id": "HN3180",
            "sourceColumnId": "HN3180"
        },
        {
            "id": "HN5925",
            "sourceColumnId": "HN5925"
        },
        {
            "id": "HN5757",
            "sourceColumnId": "HN5757"
        },
        {
            "id": "HN3190",
            "sourceColumnId": "HN3190"
        }
    ],
    "graph": {
        "nodes": [
            {
                "id": "http://scharp.usc.isi.edu/ontology/Target1",
                "label": {
                    "uri": "http://scharp.usc.isi.edu/ontology/Target"
                },
                "type": "InternalNode",
                "modelIds": null
            },
            {
                "id": "http://scharp.usc.isi.edu/ontology/JDPI1",
                "label": {
                    "uri": "http://scharp.usc.isi.edu/ontology/JDPI"
                },
                "type": "InternalNode",
                "modelIds": null
            },
            {
                "id": "http://scharp.usc.isi.edu/ontology/Point1",
                "label": {
                    "uri": "http://scharp.usc.isi.edu/ontology/Point"
                },
                "type": "InternalNode",
                "modelIds": null
            },
            {
                "id": "HN3196",
                "label": {
                    "uri": "HN3196"
                },
                "type": "ColumnNode",
                "hNodeId": "HN3196",
                "columnName": "FUNC",
                "rdfLiteralType": null,
                "language": "",
                "userSemanticTypes": [
                    {
                        "hNodeId": "HN3196",
                        "domain": {
                            "uri": "http://scharp.usc.isi.edu/ontology/Target"
                        },
                        "type": {
                            "uri": "http://scharp.usc.isi.edu/ontology/Functionable"
                        },
                        "origin": "User",
                        "confidenceScore": 1.0
                    }
                ],
                "learnedSemanticTypes": null,
                "modelIds": null
            },
            {
                "id": "HN3198",
                "label": {
                    "uri": "HN3198"
                },
                "type": "ColumnNode",
                "hNodeId": "HN3198",
                "columnName": "PHYS",
                "rdfLiteralType": null,
                "language": "",
                "userSemanticTypes": [
                    {
                        "hNodeId": "HN3198",
                        "domain": {
                            "uri": "http://scharp.usc.isi.edu/ontology/Target"
                        },
                        "type": {
                            "uri": "http://scharp.usc.isi.edu/ontology/Damage"
                        },
                        "origin": "User",
                        "confidenceScore": 1.0
                    }
                ],
                "learnedSemanticTypes": null,
                "modelIds": null
            },
            {
                "id": "HN3182",
                "label": {
                    "uri": "HN3182"
                },
                "type": "ColumnNode",
                "hNodeId": "HN3182",
                "columnName": "BE/UNIT",
                "rdfLiteralType": null,
                "language": "",
                "userSemanticTypes": [
                    {
                        "hNodeId": "HN3182",
                        "domain": {
                            "uri": "http://scharp.usc.isi.edu/ontology/Target"
                        },
                        "type": {
                            "uri": "http://scharp.usc.isi.edu/ontology/targetId"
                        },
                        "origin": "User",
                        "confidenceScore": 1.0
                    }
                ],
                "learnedSemanticTypes": null,
                "modelIds": null
            },
            {
                "id": "HN5589",
                "label": {
                    "uri": "HN5589"
                },
                "type": "ColumnNode",
                "hNodeId": "HN5589",
                "columnName": "target_uri",
                "rdfLiteralType": null,
                "language": "",
                "userSemanticTypes": [
                    {
                        "hNodeId": "HN5589",
                        "domain": {
                            "uri": "http://scharp.usc.isi.edu/ontology/Target"
                        },
                        "type": {
                            "uri": "http://isi.edu/integration/karma/dev#classLink"
                        },
                        "origin": "User",
                        "confidenceScore": 1.0
                    }
                ],
                "learnedSemanticTypes": null,
                "modelIds": null
            },
            {
                "id": "HN3180",
                "label": {
                    "uri": "HN3180"
                },
                "type": "ColumnNode",
                "hNodeId": "HN3180",
                "columnName": "CC",
                "rdfLiteralType": null,
                "language": "",
                "userSemanticTypes": [
                    {
                        "hNodeId": "HN3180",
                        "domain": {
                            "uri": "http://scharp.usc.isi.edu/ontology/Target"
                        },
                        "type": {
                            "uri": "http://scharp.usc.isi.edu/ontology/countryCode"
                        },
                        "origin": "User",
                        "confidenceScore": 1.0
                    }
                ],
                "learnedSemanticTypes": null,
                "modelIds": null
            },
            {
                "id": "HN3190",
                "label": {
                    "uri": "HN3190"
                },
                "type": "ColumnNode",
                "hNodeId": "HN3190",
                "columnName": "JDPI Name",
                "rdfLiteralType": null,
                "language": "",
                "userSemanticTypes": [
                    {
                        "hNodeId": "HN3190",
                        "domain": {
                            "uri": "http://scharp.usc.isi.edu/ontology/JDPI"
                        },
                        "type": {
                            "uri": "http://scharp.usc.isi.edu/ontology/jdpiName"
                        },
                        "origin": "User",
                        "confidenceScore": 1.0
                    }
                ],
                "learnedSemanticTypes": null,
                "modelIds": null
            },
            {
                "id": "HN3188",
                "label": {
                    "uri": "HN3188"
                },
                "type": "ColumnNode",
                "hNodeId": "HN3188",
                "columnName": "JDPI ID",
                "rdfLiteralType": null,
                "language": "",
                "userSemanticTypes": [
                    {
                        "hNodeId": "HN3188",
                        "domain": {
                            "uri": "http://scharp.usc.isi.edu/ontology/JDPI"
                        },
                        "type": {
                            "uri": "http://scharp.usc.isi.edu/ontology/jdpiId"
                        },
                        "origin": "User",
                        "confidenceScore": 1.0
                    }
                ],
                "learnedSemanticTypes": null,
                "modelIds": null
            },
            {
                "id": "HN3176",
                "label": {
                    "uri": "HN3176"
                },
                "type": "ColumnNode",
                "hNodeId": "HN3176",
                "columnName": "PRI",
                "rdfLiteralType": null,
                "language": "",
                "userSemanticTypes": [
                    {
                        "hNodeId": "HN3176",
                        "domain": {
                            "uri": "http://scharp.usc.isi.edu/ontology/Target"
                        },
                        "type": {
                            "uri": "http://scharp.usc.isi.edu/ontology/Priority"
                        },
                        "origin": "User",
                        "confidenceScore": 1.0
                    }
                ],
                "learnedSemanticTypes": null,
                "modelIds": null
            },
            {
                "id": "HN3174",
                "label": {
                    "uri": "HN3174"
                },
                "type": "ColumnNode",
                "hNodeId": "HN3174",
                "columnName": "A,B,C",
                "rdfLiteralType": null,
                "language": "",
                "userSemanticTypes": [
                    {
                        "hNodeId": "HN3174",
                        "domain": {
                            "uri": "http://scharp.usc.isi.edu/ontology/Target"
                        },
                        "type": {
                            "uri": "http://scharp.usc.isi.edu/ontology/targetPriority"
                        },
                        "origin": "User",
                        "confidenceScore": 1.0
                    }
                ],
                "learnedSemanticTypes": null,
                "modelIds": null
            },
            {
                "id": "HN6089",
                "label": {
                    "uri": "HN6089"
                },
                "type": "ColumnNode",
                "hNodeId": "HN6089",
                "columnName": "long",
                "rdfLiteralType": null,
                "language": "",
                "userSemanticTypes": [
                    {
                        "hNodeId": "HN6089",
                        "domain": {
                            "uri": "http://scharp.usc.isi.edu/ontology/Point"
                        },
                        "type": {
                            "uri": "http://scharp.usc.isi.edu/ontology/longitude"
                        },
                        "origin": "User",
                        "confidenceScore": 1.0
                    }
                ],
                "learnedSemanticTypes": null,
                "modelIds": null
            },
            {
                "id": "HN3186",
                "label": {
                    "uri": "HN3186"
                },
                "type": "ColumnNode",
                "hNodeId": "HN3186",
                "columnName": "UNIT NAME",
                "rdfLiteralType": null,
                "language": "",
                "userSemanticTypes": [
                    {
                        "hNodeId": "HN3186",
                        "domain": {
                            "uri": "http://scharp.usc.isi.edu/ontology/Target"
                        },
                        "type": {
                            "uri": "http://scharp.usc.isi.edu/ontology/TargetName"
                        },
                        "origin": "User",
                        "confidenceScore": 1.0
                    }
                ],
                "learnedSemanticTypes": null,
                "modelIds": null
            },
            {
                "id": "HN5925",
                "label": {
                    "uri": "HN5925"
                },
                "type": "ColumnNode",
                "hNodeId": "HN5925",
                "columnName": "lat",
                "rdfLiteralType": null,
                "language": "",
                "userSemanticTypes": [
                    {
                        "hNodeId": "HN5925",
                        "domain": {
                            "uri": "http://scharp.usc.isi.edu/ontology/Point"
                        },
                        "type": {
                            "uri": "http://scharp.usc.isi.edu/ontology/latitude"
                        },
                        "origin": "User",
                        "confidenceScore": 1.0
                    }
                ],
                "learnedSemanticTypes": null,
                "modelIds": null
            },
            {
                "id": "HN5757",
                "label": {
                    "uri": "HN5757"
                },
                "type": "ColumnNode",
                "hNodeId": "HN5757",
                "columnName": "jpdi_uri",
                "rdfLiteralType": null,
                "language": "",
                "userSemanticTypes": [
                    {
                        "hNodeId": "HN5757",
                        "domain": {
                            "uri": "http://scharp.usc.isi.edu/ontology/JDPI"
                        },
                        "type": {
                            "uri": "http://isi.edu/integration/karma/dev#classLink"
                        },
                        "origin": "User",
                        "confidenceScore": 1.0
                    }
                ],
                "learnedSemanticTypes": null,
                "modelIds": null
            }
        ],
        "links": [
            {
                "id": "http://scharp.usc.isi.edu/ontology/Target1---http://scharp.usc.isi.edu/ontology/jdpi---http://scharp.usc.isi.edu/ontology/JDPI1",
                "weight": 0.009999999776482582,
                "type": "ObjectPropertyLink",
                "label": {
                    "uri": "http://scharp.usc.isi.edu/ontology/jdpi"
                },
                "objectPropertyType": "Direct",
                "status": "ForcedByUser",
                "keyInfo": "None",
                "modelIds": null
            },
            {
                "id": "http://scharp.usc.isi.edu/ontology/Target1---http://scharp.usc.isi.edu/ontology/locatein---http://scharp.usc.isi.edu/ontology/Point1",
                "weight": 0.009999999776482582,
                "type": "ObjectPropertyLink",
                "label": {
                    "uri": "http://scharp.usc.isi.edu/ontology/locatein"
                },
                "objectPropertyType": "None",
                "status": "ForcedByUser",
                "keyInfo": "None",
                "modelIds": null
            },
            {
                "id": "http://scharp.usc.isi.edu/ontology/Target1---http://scharp.usc.isi.edu/ontology/Functionable---HN3196",
                "weight": 0.01,
                "type": "DataPropertyLink",
                "label": {
                    "uri": "http://scharp.usc.isi.edu/ontology/Functionable"
                },
                "status": "ForcedByUser",
                "keyInfo": "None",
                "modelIds": null
            },
            {
                "id": "http://scharp.usc.isi.edu/ontology/Target1---http://scharp.usc.isi.edu/ontology/Damage---HN3198",
                "weight": 0.01,
                "type": "DataPropertyLink",
                "label": {
                    "uri": "http://scharp.usc.isi.edu/ontology/Damage"
                },
                "status": "ForcedByUser",
                "keyInfo": "None",
                "modelIds": null
            },
            {
                "id": "http://scharp.usc.isi.edu/ontology/Target1---http://scharp.usc.isi.edu/ontology/targetId---HN3182",
                "weight": 0.01,
                "type": "DataPropertyLink",
                "label": {
                    "uri": "http://scharp.usc.isi.edu/ontology/targetId"
                },
                "status": "ForcedByUser",
                "keyInfo": "None",
                "modelIds": null
            },
            {
                "id": "http://scharp.usc.isi.edu/ontology/Target1---http://isi.edu/integration/karma/dev#classLink---HN5589",
                "weight": 0.01,
                "type": "ClassInstanceLink",
                "label": {
                    "uri": "http://isi.edu/integration/karma/dev#classLink"
                },
                "status": "ForcedByUser",
                "keyInfo": "UriOfInstance",
                "modelIds": null
            },
            {
                "id": "http://scharp.usc.isi.edu/ontology/Target1---http://scharp.usc.isi.edu/ontology/countryCode---HN3180",
                "weight": 0.01,
                "type": "DataPropertyLink",
                "label": {
                    "uri": "http://scharp.usc.isi.edu/ontology/countryCode"
                },
                "status": "ForcedByUser",
                "keyInfo": "None",
                "modelIds": null
            },
            {
                "id": "http://scharp.usc.isi.edu/ontology/JDPI1---http://scharp.usc.isi.edu/ontology/jdpiName---HN3190",
                "weight": 0.01,
                "type": "DataPropertyLink",
                "label": {
                    "uri": "http://scharp.usc.isi.edu/ontology/jdpiName"
                },
                "status": "ForcedByUser",
                "keyInfo": "None",
                "modelIds": null
            },
            {
                "id": "http://scharp.usc.isi.edu/ontology/JDPI1---http://scharp.usc.isi.edu/ontology/jdpiId---HN3188",
                "weight": 0.01,
                "type": "DataPropertyLink",
                "label": {
                    "uri": "http://scharp.usc.isi.edu/ontology/jdpiId"
                },
                "status": "ForcedByUser",
                "keyInfo": "None",
                "modelIds": null
            },
            {
                "id": "http://scharp.usc.isi.edu/ontology/Target1---http://scharp.usc.isi.edu/ontology/Priority---HN3176",
                "weight": 0.01,
                "type": "DataPropertyLink",
                "label": {
                    "uri": "http://scharp.usc.isi.edu/ontology/Priority"
                },
                "status": "ForcedByUser",
                "keyInfo": "None",
                "modelIds": null
            },
            {
                "id": "http://scharp.usc.isi.edu/ontology/Target1---http://scharp.usc.isi.edu/ontology/targetPriority---HN3174",
                "weight": 0.01,
                "type": "DataPropertyLink",
                "label": {
                    "uri": "http://scharp.usc.isi.edu/ontology/targetPriority"
                },
                "status": "ForcedByUser",
                "keyInfo": "None",
                "modelIds": null
            },
            {
                "id": "http://scharp.usc.isi.edu/ontology/Point1---http://scharp.usc.isi.edu/ontology/longitude---HN6089",
                "weight": 0.01,
                "type": "DataPropertyLink",
                "label": {
                    "uri": "http://scharp.usc.isi.edu/ontology/longitude"
                },
                "status": "ForcedByUser",
                "keyInfo": "None",
                "modelIds": null
            },
            {
                "id": "http://scharp.usc.isi.edu/ontology/Target1---http://scharp.usc.isi.edu/ontology/TargetName---HN3186",
                "weight": 0.01,
                "type": "DataPropertyLink",
                "label": {
                    "uri": "http://scharp.usc.isi.edu/ontology/TargetName"
                },
                "status": "ForcedByUser",
                "keyInfo": "None",
                "modelIds": null
            },
            {
                "id": "http://scharp.usc.isi.edu/ontology/Point1---http://scharp.usc.isi.edu/ontology/latitude---HN5925",
                "weight": 0.01,
                "type": "DataPropertyLink",
                "label": {
                    "uri": "http://scharp.usc.isi.edu/ontology/latitude"
                },
                "status": "ForcedByUser",
                "keyInfo": "None",
                "modelIds": null
            },
            {
                "id": "http://scharp.usc.isi.edu/ontology/JDPI1---http://isi.edu/integration/karma/dev#classLink---HN5757",
                "weight": 0.01,
                "type": "ClassInstanceLink",
                "label": {
                    "uri": "http://isi.edu/integration/karma/dev#classLink"
                },
                "status": "ForcedByUser",
                "keyInfo": "UriOfInstance",
                "modelIds": null
            }
        ]
    }
}