{
    "id": "RSPACE TE2 JIPTL v5.2.json",
    "name": "RSPACE TE2 JIPTL v5.2.json",
    "description": null,
    "sourceColumns": [
        {
            "id": "HN6080",
            "hNodeId": "HN6080",
            "columnName": "jpdi_uri"
        },
        {
            "id": "HN6249",
            "hNodeId": "HN6249",
            "columnName": "lat"
        },
        {
            "id": "HN3331",
            "hNodeId": "HN3331",
            "columnName": "UNIT NAME"
        },
        {
            "id": "HN3343",
            "hNodeId": "HN3343",
            "columnName": "PHYS"
        },
        {
            "id": "HN3333",
            "hNodeId": "HN3333",
            "columnName": "JDPI ID"
        },
        {
            "id": "HN3341",
            "hNodeId": "HN3341",
            "columnName": "FUNC"
        },
        {
            "id": "HN3321",
            "hNodeId": "HN3321",
            "columnName": "PRI"
        },
        {
            "id": "HN3327",
            "hNodeId": "HN3327",
            "columnName": "BE/UNIT"
        },
        {
            "id": "HN5911",
            "hNodeId": "HN5911",
            "columnName": "target_uri"
        },
        {
            "id": "HN3325",
            "hNodeId": "HN3325",
            "columnName": "CC"
        },
        {
            "id": "HN6414",
            "hNodeId": "HN6414",
            "columnName": "long"
        },
        {
            "id": "HN3335",
            "hNodeId": "HN3335",
            "columnName": "JDPI Name"
        },
        {
            "id": "HN3319",
            "hNodeId": "HN3319",
            "columnName": "A,B,C"
        }
    ],
    "mappingToSourceColumns": [
        {
            "id": "HN6249",
            "sourceColumnId": "HN6249"
        },
        {
            "id": "HN3331",
            "sourceColumnId": "HN3331"
        },
        {
            "id": "HN3343",
            "sourceColumnId": "HN3343"
        },
        {
            "id": "HN3333",
            "sourceColumnId": "HN3333"
        },
        {
            "id": "HN3341",
            "sourceColumnId": "HN3341"
        },
        {
            "id": "HN3321",
            "sourceColumnId": "HN3321"
        },
        {
            "id": "HN5911",
            "sourceColumnId": "HN5911"
        },
        {
            "id": "HN3327",
            "sourceColumnId": "HN3327"
        },
        {
            "id": "HN6080",
            "sourceColumnId": "HN6080"
        },
        {
            "id": "HN3325",
            "sourceColumnId": "HN3325"
        },
        {
            "id": "HN6414",
            "sourceColumnId": "HN6414"
        },
        {
            "id": "HN3335",
            "sourceColumnId": "HN3335"
        },
        {
            "id": "HN3319",
            "sourceColumnId": "HN3319"
        }
    ],
    "graph": {
        "nodes": [
            {
                "id": "http://scharp.usc.isi.edu/ontology/Target1",
                "label": {
                    "uri": "http://scharp.usc.isi.edu/ontology/Target"
                },
                "type": "InternalNode",
                "modelIds": null
            },
            {
                "id": "http://scharp.usc.isi.edu/ontology/JDPI1",
                "label": {
                    "uri": "http://scharp.usc.isi.edu/ontology/JDPI"
                },
                "type": "InternalNode",
                "modelIds": null
            },
            {
                "id": "http://scharp.usc.isi.edu/ontology/Point1",
                "label": {
                    "uri": "http://scharp.usc.isi.edu/ontology/Point"
                },
                "type": "InternalNode",
                "modelIds": null
            },
            {
                "id": "HN6080",
                "label": {
                    "uri": "HN6080"
                },
                "type": "ColumnNode",
                "hNodeId": "HN6080",
                "columnName": "jpdi_uri",
                "rdfLiteralType": null,
                "language": "",
                "userSemanticTypes": [
                    {
                        "hNodeId": "HN6080",
                        "domain": {
                            "uri": "http://scharp.usc.isi.edu/ontology/JDPI"
                        },
                        "type": {
                            "uri": "http://isi.edu/integration/karma/dev#classLink"
                        },
                        "origin": "User",
                        "confidenceScore": 1.0
                    }
                ],
                "learnedSemanticTypes": null,
                "modelIds": null
            },
            {
                "id": "HN6249",
                "label": {
                    "uri": "HN6249"
                },
                "type": "ColumnNode",
                "hNodeId": "HN6249",
                "columnName": "lat",
                "rdfLiteralType": {
                    "uri": "http://www.w3.org/2001/XMLSchema#float"
                },
                "language": "",
                "userSemanticTypes": [
                    {
                        "hNodeId": "HN6249",
                        "domain": {
                            "uri": "http://scharp.usc.isi.edu/ontology/Point"
                        },
                        "type": {
                            "uri": "http://scharp.usc.isi.edu/ontology/latitude"
                        },
                        "origin": "User",
                        "confidenceScore": 1.0
                    }
                ],
                "learnedSemanticTypes": null,
                "modelIds": null
            },
            {
                "id": "HN3331",
                "label": {
                    "uri": "HN3331"
                },
                "type": "ColumnNode",
                "hNodeId": "HN3331",
                "columnName": "UNIT NAME",
                "rdfLiteralType": null,
                "language": "",
                "userSemanticTypes": [
                    {
                        "hNodeId": "HN3331",
                        "domain": {
                            "uri": "http://scharp.usc.isi.edu/ontology/Target"
                        },
                        "type": {
                            "uri": "http://scharp.usc.isi.edu/ontology/TargetName"
                        },
                        "origin": "User",
                        "confidenceScore": 1.0
                    }
                ],
                "learnedSemanticTypes": null,
                "modelIds": null
            },
            {
                "id": "HN3343",
                "label": {
                    "uri": "HN3343"
                },
                "type": "ColumnNode",
                "hNodeId": "HN3343",
                "columnName": "PHYS",
                "rdfLiteralType": null,
                "language": "",
                "userSemanticTypes": [
                    {
                        "hNodeId": "HN3343",
                        "domain": {
                            "uri": "http://scharp.usc.isi.edu/ontology/Target"
                        },
                        "type": {
                            "uri": "http://scharp.usc.isi.edu/ontology/Damage"
                        },
                        "origin": "User",
                        "confidenceScore": 1.0
                    }
                ],
                "learnedSemanticTypes": null,
                "modelIds": null
            },
            {
                "id": "HN3333",
                "label": {
                    "uri": "HN3333"
                },
                "type": "ColumnNode",
                "hNodeId": "HN3333",
                "columnName": "JDPI ID",
                "rdfLiteralType": null,
                "language": "",
                "userSemanticTypes": [
                    {
                        "hNodeId": "HN3333",
                        "domain": {
                            "uri": "http://scharp.usc.isi.edu/ontology/JDPI"
                        },
                        "type": {
                            "uri": "http://scharp.usc.isi.edu/ontology/jdpiId"
                        },
                        "origin": "User",
                        "confidenceScore": 1.0
                    }
                ],
                "learnedSemanticTypes": null,
                "modelIds": null
            },
            {
                "id": "HN3341",
                "label": {
                    "uri": "HN3341"
                },
                "type": "ColumnNode",
                "hNodeId": "HN3341",
                "columnName": "FUNC",
                "rdfLiteralType": null,
                "language": "",
                "userSemanticTypes": [
                    {
                        "hNodeId": "HN3341",
                        "domain": {
                            "uri": "http://scharp.usc.isi.edu/ontology/Target"
                        },
                        "type": {
                            "uri": "http://scharp.usc.isi.edu/ontology/Functionable"
                        },
                        "origin": "User",
                        "confidenceScore": 1.0
                    }
                ],
                "learnedSemanticTypes": null,
                "modelIds": null
            },
            {
                "id": "HN3321",
                "label": {
                    "uri": "HN3321"
                },
                "type": "ColumnNode",
                "hNodeId": "HN3321",
                "columnName": "PRI",
                "rdfLiteralType": null,
                "language": "",
                "userSemanticTypes": [
                    {
                        "hNodeId": "HN3321",
                        "domain": {
                            "uri": "http://scharp.usc.isi.edu/ontology/Target"
                        },
                        "type": {
                            "uri": "http://scharp.usc.isi.edu/ontology/Priority"
                        },
                        "origin": "User",
                        "confidenceScore": 1.0
                    }
                ],
                "learnedSemanticTypes": null,
                "modelIds": null
            },
            {
                "id": "HN3327",
                "label": {
                    "uri": "HN3327"
                },
                "type": "ColumnNode",
                "hNodeId": "HN3327",
                "columnName": "BE/UNIT",
                "rdfLiteralType": null,
                "language": "",
                "userSemanticTypes": [
                    {
                        "hNodeId": "HN3327",
                        "domain": {
                            "uri": "http://scharp.usc.isi.edu/ontology/Target"
                        },
                        "type": {
                            "uri": "http://scharp.usc.isi.edu/ontology/targetId"
                        },
                        "origin": "User",
                        "confidenceScore": 1.0
                    }
                ],
                "learnedSemanticTypes": null,
                "modelIds": null
            },
            {
                "id": "HN5911",
                "label": {
                    "uri": "HN5911"
                },
                "type": "ColumnNode",
                "hNodeId": "HN5911",
                "columnName": "target_uri",
                "rdfLiteralType": null,
                "language": "",
                "userSemanticTypes": [
                    {
                        "hNodeId": "HN5911",
                        "domain": {
                            "uri": "http://scharp.usc.isi.edu/ontology/Target"
                        },
                        "type": {
                            "uri": "http://isi.edu/integration/karma/dev#classLink"
                        },
                        "origin": "User",
                        "confidenceScore": 1.0
                    }
                ],
                "learnedSemanticTypes": null,
                "modelIds": null
            },
            {
                "id": "HN3325",
                "label": {
                    "uri": "HN3325"
                },
                "type": "ColumnNode",
                "hNodeId": "HN3325",
                "columnName": "CC",
                "rdfLiteralType": null,
                "language": "",
                "userSemanticTypes": [
                    {
                        "hNodeId": "HN3325",
                        "domain": {
                            "uri": "http://scharp.usc.isi.edu/ontology/Target"
                        },
                        "type": {
                            "uri": "http://scharp.usc.isi.edu/ontology/countryCode"
                        },
                        "origin": "User",
                        "confidenceScore": 1.0
                    }
                ],
                "learnedSemanticTypes": null,
                "modelIds": null
            },
            {
                "id": "HN6414",
                "label": {
                    "uri": "HN6414"
                },
                "type": "ColumnNode",
                "hNodeId": "HN6414",
                "columnName": "long",
                "rdfLiteralType": {
                    "uri": "http://www.w3.org/2001/XMLSchema#float"
                },
                "language": "",
                "userSemanticTypes": [
                    {
                        "hNodeId": "HN6414",
                        "domain": {
                            "uri": "http://scharp.usc.isi.edu/ontology/Point"
                        },
                        "type": {
                            "uri": "http://scharp.usc.isi.edu/ontology/longitude"
                        },
                        "origin": "User",
                        "confidenceScore": 1.0
                    }
                ],
                "learnedSemanticTypes": null,
                "modelIds": null
            },
            {
                "id": "HN3335",
                "label": {
                    "uri": "HN3335"
                },
                "type": "ColumnNode",
                "hNodeId": "HN3335",
                "columnName": "JDPI Name",
                "rdfLiteralType": null,
                "language": "",
                "userSemanticTypes": [
                    {
                        "hNodeId": "HN3335",
                        "domain": {
                            "uri": "http://scharp.usc.isi.edu/ontology/JDPI"
                        },
                        "type": {
                            "uri": "http://scharp.usc.isi.edu/ontology/jdpiName"
                        },
                        "origin": "User",
                        "confidenceScore": 1.0
                    }
                ],
                "learnedSemanticTypes": null,
                "modelIds": null
            },
            {
                "id": "HN3319",
                "label": {
                    "uri": "HN3319"
                },
                "type": "ColumnNode",
                "hNodeId": "HN3319",
                "columnName": "A,B,C",
                "rdfLiteralType": null,
                "language": "",
                "userSemanticTypes": [
                    {
                        "hNodeId": "HN3319",
                        "domain": {
                            "uri": "http://scharp.usc.isi.edu/ontology/Target"
                        },
                        "type": {
                            "uri": "http://scharp.usc.isi.edu/ontology/targetPriority"
                        },
                        "origin": "User",
                        "confidenceScore": 1.0
                    }
                ],
                "learnedSemanticTypes": null,
                "modelIds": null
            }
        ],
        "links": [
            {
                "id": "http://scharp.usc.isi.edu/ontology/Target1---http://scharp.usc.isi.edu/ontology/jdpi---http://scharp.usc.isi.edu/ontology/JDPI1",
                "weight": 0.009999999776482582,
                "type": "ObjectPropertyLink",
                "label": {
                    "uri": "http://scharp.usc.isi.edu/ontology/jdpi"
                },
                "objectPropertyType": "Direct",
                "status": "ForcedByUser",
                "keyInfo": "None",
                "modelIds": null
            },
            {
                "id": "http://scharp.usc.isi.edu/ontology/Target1---http://scharp.usc.isi.edu/ontology/locatein---http://scharp.usc.isi.edu/ontology/Point1",
                "weight": 0.009999999776482582,
                "type": "ObjectPropertyLink",
                "label": {
                    "uri": "http://scharp.usc.isi.edu/ontology/locatein"
                },
                "objectPropertyType": "None",
                "status": "ForcedByUser",
                "keyInfo": "None",
                "modelIds": null
            },
            {
                "id": "http://scharp.usc.isi.edu/ontology/JDPI1---http://isi.edu/integration/karma/dev#classLink---HN6080",
                "weight": 0.01,
                "type": "ClassInstanceLink",
                "label": {
                    "uri": "http://isi.edu/integration/karma/dev#classLink"
                },
                "status": "ForcedByUser",
                "keyInfo": "UriOfInstance",
                "modelIds": null
            },
            {
                "id": "http://scharp.usc.isi.edu/ontology/Point1---http://scharp.usc.isi.edu/ontology/latitude---HN6249",
                "weight": 0.01,
                "type": "DataPropertyLink",
                "label": {
                    "uri": "http://scharp.usc.isi.edu/ontology/latitude"
                },
                "status": "ForcedByUser",
                "keyInfo": "None",
                "modelIds": null
            },
            {
                "id": "http://scharp.usc.isi.edu/ontology/Target1---http://scharp.usc.isi.edu/ontology/TargetName---HN3331",
                "weight": 0.01,
                "type": "DataPropertyLink",
                "label": {
                    "uri": "http://scharp.usc.isi.edu/ontology/TargetName"
                },
                "status": "ForcedByUser",
                "keyInfo": "None",
                "modelIds": null
            },
            {
                "id": "http://scharp.usc.isi.edu/ontology/Target1---http://scharp.usc.isi.edu/ontology/Damage---HN3343",
                "weight": 0.01,
                "type": "DataPropertyLink",
                "label": {
                    "uri": "http://scharp.usc.isi.edu/ontology/Damage"
                },
                "status": "ForcedByUser",
                "keyInfo": "None",
                "modelIds": null
            },
            {
                "id": "http://scharp.usc.isi.edu/ontology/JDPI1---http://scharp.usc.isi.edu/ontology/jdpiId---HN3333",
                "weight": 0.01,
                "type": "DataPropertyLink",
                "label": {
                    "uri": "http://scharp.usc.isi.edu/ontology/jdpiId"
                },
                "status": "ForcedByUser",
                "keyInfo": "None",
                "modelIds": null
            },
            {
                "id": "http://scharp.usc.isi.edu/ontology/Target1---http://scharp.usc.isi.edu/ontology/Functionable---HN3341",
                "weight": 0.01,
                "type": "DataPropertyLink",
                "label": {
                    "uri": "http://scharp.usc.isi.edu/ontology/Functionable"
                },
                "status": "ForcedByUser",
                "keyInfo": "None",
                "modelIds": null
            },
            {
                "id": "http://scharp.usc.isi.edu/ontology/Target1---http://scharp.usc.isi.edu/ontology/Priority---HN3321",
                "weight": 0.01,
                "type": "DataPropertyLink",
                "label": {
                    "uri": "http://scharp.usc.isi.edu/ontology/Priority"
                },
                "status": "ForcedByUser",
                "keyInfo": "None",
                "modelIds": null
            },
            {
                "id": "http://scharp.usc.isi.edu/ontology/Target1---http://scharp.usc.isi.edu/ontology/targetId---HN3327",
                "weight": 0.01,
                "type": "DataPropertyLink",
                "label": {
                    "uri": "http://scharp.usc.isi.edu/ontology/targetId"
                },
                "status": "ForcedByUser",
                "keyInfo": "None",
                "modelIds": null
            },
            {
                "id": "http://scharp.usc.isi.edu/ontology/Target1---http://isi.edu/integration/karma/dev#classLink---HN5911",
                "weight": 0.01,
                "type": "ClassInstanceLink",
                "label": {
                    "uri": "http://isi.edu/integration/karma/dev#classLink"
                },
                "status": "ForcedByUser",
                "keyInfo": "UriOfInstance",
                "modelIds": null
            },
            {
                "id": "http://scharp.usc.isi.edu/ontology/Target1---http://scharp.usc.isi.edu/ontology/countryCode---HN3325",
                "weight": 0.01,
                "type": "DataPropertyLink",
                "label": {
                    "uri": "http://scharp.usc.isi.edu/ontology/countryCode"
                },
                "status": "ForcedByUser",
                "keyInfo": "None",
                "modelIds": null
            },
            {
                "id": "http://scharp.usc.isi.edu/ontology/Point1---http://scharp.usc.isi.edu/ontology/longitude---HN6414",
                "weight": 0.01,
                "type": "DataPropertyLink",
                "label": {
                    "uri": "http://scharp.usc.isi.edu/ontology/longitude"
                },
                "status": "ForcedByUser",
                "keyInfo": "None",
                "modelIds": null
            },
            {
                "id": "http://scharp.usc.isi.edu/ontology/JDPI1---http://scharp.usc.isi.edu/ontology/jdpiName---HN3335",
                "weight": 0.01,
                "type": "DataPropertyLink",
                "label": {
                    "uri": "http://scharp.usc.isi.edu/ontology/jdpiName"
                },
                "status": "ForcedByUser",
                "keyInfo": "None",
                "modelIds": null
            },
            {
                "id": "http://scharp.usc.isi.edu/ontology/Target1---http://scharp.usc.isi.edu/ontology/targetPriority---HN3319",
                "weight": 0.01,
                "type": "DataPropertyLink",
                "label": {
                    "uri": "http://scharp.usc.isi.edu/ontology/targetPriority"
                },
                "status": "ForcedByUser",
                "keyInfo": "None",
                "modelIds": null
            }
        ]
    }
}