{
    "id": "RSPACE TE2 JIPTL RECON v5.1.json",
    "name": "RSPACE TE2 JIPTL RECON v5.1.json",
    "description": null,
    "sourceColumns": [
        {
            "id": "HN13",
            "hNodeId": "HN13",
            "columnName": "TASK"
        },
        {
            "id": "HN268",
            "hNodeId": "HN268",
            "columnName": "target_uri"
        },
        {
            "id": "HN15",
            "hNodeId": "HN15",
            "columnName": "CC"
        },
        {
            "id": "HN326",
            "hNodeId": "HN326",
            "columnName": "long"
        },
        {
            "id": "HN9",
            "hNodeId": "HN9",
            "columnName": "PHYS"
        },
        {
            "id": "HN17",
            "hNodeId": "HN17",
            "columnName": "BE/UNIT"
        },
        {
            "id": "HN27",
            "hNodeId": "HN27",
            "columnName": "FUNC"
        },
        {
            "id": "HN300",
            "hNodeId": "HN300",
            "columnName": "lat"
        },
        {
            "id": "HN21",
            "hNodeId": "HN21",
            "columnName": "NAME"
        },
        {
            "id": "HN11",
            "hNodeId": "HN11",
            "columnName": "PRI"
        }
    ],
    "mappingToSourceColumns": [
        {
            "id": "HN13",
            "sourceColumnId": "HN13"
        },
        {
            "id": "HN326",
            "sourceColumnId": "HN326"
        },
        {
            "id": "HN15",
            "sourceColumnId": "HN15"
        },
        {
            "id": "HN268",
            "sourceColumnId": "HN268"
        },
        {
            "id": "HN9",
            "sourceColumnId": "HN9"
        },
        {
            "id": "HN17",
            "sourceColumnId": "HN17"
        },
        {
            "id": "HN27",
            "sourceColumnId": "HN27"
        },
        {
            "id": "HN21",
            "sourceColumnId": "HN21"
        },
        {
            "id": "HN300",
            "sourceColumnId": "HN300"
        },
        {
            "id": "HN11",
            "sourceColumnId": "HN11"
        }
    ],
    "graph": {
        "nodes": [
            {
                "id": "http://scharp.usc.isi.edu/ontology/Target1",
                "label": {
                    "uri": "http://scharp.usc.isi.edu/ontology/Target"
                },
                "type": "InternalNode",
                "modelIds": null
            },
            {
                "id": "http://scharp.usc.isi.edu/ontology/Point1",
                "label": {
                    "uri": "http://scharp.usc.isi.edu/ontology/Point"
                },
                "type": "InternalNode",
                "modelIds": null
            },
            {
                "id": "HN13",
                "label": {
                    "uri": "HN13"
                },
                "type": "ColumnNode",
                "hNodeId": "HN13",
                "columnName": "TASK",
                "rdfLiteralType": null,
                "language": null,
                "userSemanticTypes": [
                    {
                        "hNodeId": "HN13",
                        "domain": {
                            "uri": "http://scharp.usc.isi.edu/ontology/Target"
                        },
                        "type": {
                            "uri": "http://scharp.usc.isi.edu/ontology/taskId"
                        },
                        "origin": "User",
                        "confidenceScore": 1.0
                    }
                ],
                "learnedSemanticTypes": null,
                "modelIds": null
            },
            {
                "id": "HN268",
                "label": {
                    "uri": "HN268"
                },
                "type": "ColumnNode",
                "hNodeId": "HN268",
                "columnName": "target_uri",
                "rdfLiteralType": null,
                "language": null,
                "userSemanticTypes": [
                    {
                        "hNodeId": "HN268",
                        "domain": {
                            "uri": "http://scharp.usc.isi.edu/ontology/Target"
                        },
                        "type": {
                            "uri": "http://isi.edu/integration/karma/dev#classLink"
                        },
                        "origin": "User",
                        "confidenceScore": 1.0
                    }
                ],
                "learnedSemanticTypes": null,
                "modelIds": null
            },
            {
                "id": "HN15",
                "label": {
                    "uri": "HN15"
                },
                "type": "ColumnNode",
                "hNodeId": "HN15",
                "columnName": "CC",
                "rdfLiteralType": null,
                "language": null,
                "userSemanticTypes": [
                    {
                        "hNodeId": "HN15",
                        "domain": {
                            "uri": "http://scharp.usc.isi.edu/ontology/Target"
                        },
                        "type": {
                            "uri": "http://scharp.usc.isi.edu/ontology/countryCode"
                        },
                        "origin": "User",
                        "confidenceScore": 1.0
                    }
                ],
                "learnedSemanticTypes": null,
                "modelIds": null
            },
            {
                "id": "HN326",
                "label": {
                    "uri": "HN326"
                },
                "type": "ColumnNode",
                "hNodeId": "HN326",
                "columnName": "long",
                "rdfLiteralType": {
                    "uri": "http://www.w3.org/2001/XMLSchema#float"
                },
                "language": "",
                "userSemanticTypes": [
                    {
                        "hNodeId": "HN326",
                        "domain": {
                            "uri": "http://scharp.usc.isi.edu/ontology/Point"
                        },
                        "type": {
                            "uri": "http://scharp.usc.isi.edu/ontology/longitude"
                        },
                        "origin": "User",
                        "confidenceScore": 1.0
                    }
                ],
                "learnedSemanticTypes": [
                    {
                        "hNodeId": "HN326",
                        "domain": {
                            "uri": "http://scharp.usc.isi.edu/ontology/Point"
                        },
                        "type": {
                            "uri": "http://scharp.usc.isi.edu/ontology/longitude"
                        },
                        "origin": "TfIdfModel",
                        "confidenceScore": 0.9999999999984398
                    },
                    {
                        "hNodeId": "HN326",
                        "domain": {
                            "uri": "http://scharp.usc.isi.edu/ontology/SCLDetail"
                        },
                        "type": {
                            "uri": "http://scharp.usc.isi.edu/ontology/quantity"
                        },
                        "origin": "TfIdfModel",
                        "confidenceScore": 3.9004526168531826E-13
                    },
                    {
                        "hNodeId": "HN326",
                        "domain": {
                            "uri": "http://scharp.usc.isi.edu/ontology/SCLDetail"
                        },
                        "type": {
                            "uri": "http://scharp.usc.isi.edu/ontology/team"
                        },
                        "origin": "TfIdfModel",
                        "confidenceScore": 3.9004526168531826E-13
                    },
                    {
                        "hNodeId": "HN326",
                        "domain": {
                            "uri": "http://scharp.usc.isi.edu/ontology/SCLDetail"
                        },
                        "type": {
                            "uri": "http://scharp.usc.isi.edu/ontology/index"
                        },
                        "origin": "TfIdfModel",
                        "confidenceScore": 3.9004526168531826E-13
                    },
                    {
                        "hNodeId": "HN326",
                        "domain": {
                            "uri": "http://scharp.usc.isi.edu/ontology/Target"
                        },
                        "type": {
                            "uri": "http://scharp.usc.isi.edu/ontology/Priority"
                        },
                        "origin": "TfIdfModel",
                        "confidenceScore": 3.9004526168531826E-13
                    },
                    {
                        "hNodeId": "HN326",
                        "domain": {
                            "uri": "http://scharp.usc.isi.edu/ontology/Airspace"
                        },
                        "type": {
                            "uri": "http://scharp.usc.isi.edu/ontology/numofpoints"
                        },
                        "origin": "TfIdfModel",
                        "confidenceScore": 0.0
                    },
                    {
                        "hNodeId": "HN326",
                        "domain": {
                            "uri": "http://scharp.usc.isi.edu/ontology/Point"
                        },
                        "type": {
                            "uri": "http://scharp.usc.isi.edu/ontology/latitude"
                        },
                        "origin": "TfIdfModel",
                        "confidenceScore": 0.0
                    },
                    {
                        "hNodeId": "HN326",
                        "domain": {
                            "uri": "http://scharp.usc.isi.edu/ontology/SAMSite"
                        },
                        "type": {
                            "uri": "http://scharp.usc.isi.edu/ontology/team"
                        },
                        "origin": "TfIdfModel",
                        "confidenceScore": 0.0
                    },
                    {
                        "hNodeId": "HN326",
                        "domain": {
                            "uri": "http://scharp.usc.isi.edu/ontology/Airspace"
                        },
                        "type": {
                            "uri": "http://scharp.usc.isi.edu/ontology/floor"
                        },
                        "origin": "TfIdfModel",
                        "confidenceScore": 0.0
                    },
                    {
                        "hNodeId": "HN326",
                        "domain": {
                            "uri": "http://scharp.usc.isi.edu/ontology/SAMSite"
                        },
                        "type": {
                            "uri": "http://scharp.usc.isi.edu/ontology/include"
                        },
                        "origin": "TfIdfModel",
                        "confidenceScore": 0.0
                    },
                    {
                        "hNodeId": "HN326",
                        "domain": {
                            "uri": "http://scharp.usc.isi.edu/ontology/AirspaceSegment"
                        },
                        "type": {
                            "uri": "http://scharp.usc.isi.edu/ontology/airspaceSegmentKey"
                        },
                        "origin": "TfIdfModel",
                        "confidenceScore": 0.0
                    },
                    {
                        "hNodeId": "HN326",
                        "domain": {
                            "uri": "http://scharp.usc.isi.edu/ontology/Airspace"
                        },
                        "type": {
                            "uri": "http://scharp.usc.isi.edu/ontology/shape"
                        },
                        "origin": "TfIdfModel",
                        "confidenceScore": 0.0
                    },
                    {
                        "hNodeId": "HN326",
                        "domain": {
                            "uri": "http://scharp.usc.isi.edu/ontology/SAMSite"
                        },
                        "type": {
                            "uri": "http://scharp.usc.isi.edu/ontology/originalTeam"
                        },
                        "origin": "TfIdfModel",
                        "confidenceScore": 0.0
                    },
                    {
                        "hNodeId": "HN326",
                        "domain": {
                            "uri": "http://scharp.usc.isi.edu/ontology/AirspaceSegment"
                        },
                        "type": {
                            "uri": "http://scharp.usc.isi.edu/ontology/minaltitude"
                        },
                        "origin": "TfIdfModel",
                        "confidenceScore": 0.0
                    },
                    {
                        "hNodeId": "HN326",
                        "domain": {
                            "uri": "http://scharp.usc.isi.edu/ontology/Airspace"
                        },
                        "type": {
                            "uri": "http://scharp.usc.isi.edu/ontology/ceiling"
                        },
                        "origin": "TfIdfModel",
                        "confidenceScore": 0.0
                    },
                    {
                        "hNodeId": "HN326",
                        "domain": {
                            "uri": "http://scharp.usc.isi.edu/ontology/SAMSite"
                        },
                        "type": {
                            "uri": "http://scharp.usc.isi.edu/ontology/numMissiles"
                        },
                        "origin": "TfIdfModel",
                        "confidenceScore": 0.0
                    },
                    {
                        "hNodeId": "HN326",
                        "domain": {
                            "uri": "http://scharp.usc.isi.edu/ontology/AirspaceSegment"
                        },
                        "type": {
                            "uri": "http://scharp.usc.isi.edu/ontology/width"
                        },
                        "origin": "TfIdfModel",
                        "confidenceScore": 0.0
                    },
                    {
                        "hNodeId": "HN326",
                        "domain": {
                            "uri": "http://scharp.usc.isi.edu/ontology/SAMSite"
                        },
                        "type": {
                            "uri": "http://scharp.usc.isi.edu/ontology/index"
                        },
                        "origin": "TfIdfModel",
                        "confidenceScore": 0.0
                    },
                    {
                        "hNodeId": "HN326",
                        "domain": {
                            "uri": "http://scharp.usc.isi.edu/ontology/SAMSite"
                        },
                        "type": {
                            "uri": "http://scharp.usc.isi.edu/ontology/surRange"
                        },
                        "origin": "TfIdfModel",
                        "confidenceScore": 0.0
                    },
                    {
                        "hNodeId": "HN326",
                        "domain": {
                            "uri": "http://scharp.usc.isi.edu/ontology/AirspaceSegment"
                        },
                        "type": {
                            "uri": "http://scharp.usc.isi.edu/ontology/maxaltitude"
                        },
                        "origin": "TfIdfModel",
                        "confidenceScore": 0.0
                    },
                    {
                        "hNodeId": "HN326",
                        "domain": {
                            "uri": "http://scharp.usc.isi.edu/ontology/Airbase"
                        },
                        "type": {
                            "uri": "http://scharp.usc.isi.edu/ontology/index"
                        },
                        "origin": "TfIdfModel",
                        "confidenceScore": 0.0
                    },
                    {
                        "hNodeId": "HN326",
                        "domain": {
                            "uri": "http://scharp.usc.isi.edu/ontology/SAMSite"
                        },
                        "type": {
                            "uri": "http://scharp.usc.isi.edu/ontology/engRange"
                        },
                        "origin": "TfIdfModel",
                        "confidenceScore": 0.0
                    },
                    {
                        "hNodeId": "HN326",
                        "domain": {
                            "uri": "http://scharp.usc.isi.edu/ontology/Airspace"
                        },
                        "type": {
                            "uri": "http://scharp.usc.isi.edu/ontology/airspaceKey"
                        },
                        "origin": "TfIdfModel",
                        "confidenceScore": 0.0
                    },
                    {
                        "hNodeId": "HN326",
                        "domain": {
                            "uri": "http://scharp.usc.isi.edu/ontology/Airspace"
                        },
                        "type": {
                            "uri": "http://scharp.usc.isi.edu/ontology/areatype"
                        },
                        "origin": "TfIdfModel",
                        "confidenceScore": 0.0
                    },
                    {
                        "hNodeId": "HN326",
                        "domain": {
                            "uri": "http://scharp.usc.isi.edu/ontology/Point"
                        },
                        "type": {
                            "uri": "http://scharp.usc.isi.edu/ontology/airspacePointKey"
                        },
                        "origin": "TfIdfModel",
                        "confidenceScore": 0.0
                    }
                ],
                "modelIds": null
            },
            {
                "id": "HN9",
                "label": {
                    "uri": "HN9"
                },
                "type": "ColumnNode",
                "hNodeId": "HN9",
                "columnName": "PHYS",
                "rdfLiteralType": null,
                "language": null,
                "userSemanticTypes": [
                    {
                        "hNodeId": "HN9",
                        "domain": {
                            "uri": "http://scharp.usc.isi.edu/ontology/Target"
                        },
                        "type": {
                            "uri": "http://scharp.usc.isi.edu/ontology/Damage"
                        },
                        "origin": "User",
                        "confidenceScore": 1.0
                    }
                ],
                "learnedSemanticTypes": null,
                "modelIds": null
            },
            {
                "id": "HN17",
                "label": {
                    "uri": "HN17"
                },
                "type": "ColumnNode",
                "hNodeId": "HN17",
                "columnName": "BE/UNIT",
                "rdfLiteralType": null,
                "language": null,
                "userSemanticTypes": [
                    {
                        "hNodeId": "HN17",
                        "domain": {
                            "uri": "http://scharp.usc.isi.edu/ontology/Target"
                        },
                        "type": {
                            "uri": "http://scharp.usc.isi.edu/ontology/targetId"
                        },
                        "origin": "User",
                        "confidenceScore": 1.0
                    }
                ],
                "learnedSemanticTypes": null,
                "modelIds": null
            },
            {
                "id": "HN27",
                "label": {
                    "uri": "HN27"
                },
                "type": "ColumnNode",
                "hNodeId": "HN27",
                "columnName": "FUNC",
                "rdfLiteralType": null,
                "language": null,
                "userSemanticTypes": [
                    {
                        "hNodeId": "HN27",
                        "domain": {
                            "uri": "http://scharp.usc.isi.edu/ontology/Target"
                        },
                        "type": {
                            "uri": "http://scharp.usc.isi.edu/ontology/Functionable"
                        },
                        "origin": "User",
                        "confidenceScore": 1.0
                    }
                ],
                "learnedSemanticTypes": null,
                "modelIds": null
            },
            {
                "id": "HN300",
                "label": {
                    "uri": "HN300"
                },
                "type": "ColumnNode",
                "hNodeId": "HN300",
                "columnName": "lat",
                "rdfLiteralType": {
                    "uri": "http://www.w3.org/2001/XMLSchema#float"
                },
                "language": "",
                "userSemanticTypes": [
                    {
                        "hNodeId": "HN300",
                        "domain": {
                            "uri": "http://scharp.usc.isi.edu/ontology/Point"
                        },
                        "type": {
                            "uri": "http://scharp.usc.isi.edu/ontology/latitude"
                        },
                        "origin": "User",
                        "confidenceScore": 1.0
                    }
                ],
                "learnedSemanticTypes": [
                    {
                        "hNodeId": "HN300",
                        "domain": {
                            "uri": "http://scharp.usc.isi.edu/ontology/Point"
                        },
                        "type": {
                            "uri": "http://scharp.usc.isi.edu/ontology/latitude"
                        },
                        "origin": "TfIdfModel",
                        "confidenceScore": 0.9912549316359053
                    },
                    {
                        "hNodeId": "HN300",
                        "domain": {
                            "uri": "http://scharp.usc.isi.edu/ontology/AirspaceSegment"
                        },
                        "type": {
                            "uri": "http://scharp.usc.isi.edu/ontology/minaltitude"
                        },
                        "origin": "TfIdfModel",
                        "confidenceScore": 0.003351248982458979
                    },
                    {
                        "hNodeId": "HN300",
                        "domain": {
                            "uri": "http://scharp.usc.isi.edu/ontology/AirspaceSegment"
                        },
                        "type": {
                            "uri": "http://scharp.usc.isi.edu/ontology/width"
                        },
                        "origin": "TfIdfModel",
                        "confidenceScore": 0.003351248982458979
                    },
                    {
                        "hNodeId": "HN300",
                        "domain": {
                            "uri": "http://scharp.usc.isi.edu/ontology/Target"
                        },
                        "type": {
                            "uri": "http://scharp.usc.isi.edu/ontology/Priority"
                        },
                        "origin": "TfIdfModel",
                        "confidenceScore": 0.002042570129394964
                    },
                    {
                        "hNodeId": "HN300",
                        "domain": {
                            "uri": "http://scharp.usc.isi.edu/ontology/Airspace"
                        },
                        "type": {
                            "uri": "http://scharp.usc.isi.edu/ontology/ceiling"
                        },
                        "origin": "TfIdfModel",
                        "confidenceScore": 2.69765411736257E-10
                    },
                    {
                        "hNodeId": "HN300",
                        "domain": {
                            "uri": "http://scharp.usc.isi.edu/ontology/SCLDetail"
                        },
                        "type": {
                            "uri": "http://scharp.usc.isi.edu/ontology/quantity"
                        },
                        "origin": "TfIdfModel",
                        "confidenceScore": 5.479806856451624E-15
                    },
                    {
                        "hNodeId": "HN300",
                        "domain": {
                            "uri": "http://scharp.usc.isi.edu/ontology/SCLDetail"
                        },
                        "type": {
                            "uri": "http://scharp.usc.isi.edu/ontology/team"
                        },
                        "origin": "TfIdfModel",
                        "confidenceScore": 5.479806856451624E-15
                    },
                    {
                        "hNodeId": "HN300",
                        "domain": {
                            "uri": "http://scharp.usc.isi.edu/ontology/SCLDetail"
                        },
                        "type": {
                            "uri": "http://scharp.usc.isi.edu/ontology/index"
                        },
                        "origin": "TfIdfModel",
                        "confidenceScore": 5.479806856451624E-15
                    },
                    {
                        "hNodeId": "HN300",
                        "domain": {
                            "uri": "http://scharp.usc.isi.edu/ontology/Point"
                        },
                        "type": {
                            "uri": "http://scharp.usc.isi.edu/ontology/longitude"
                        },
                        "origin": "TfIdfModel",
                        "confidenceScore": 0.0
                    },
                    {
                        "hNodeId": "HN300",
                        "domain": {
                            "uri": "http://scharp.usc.isi.edu/ontology/Airspace"
                        },
                        "type": {
                            "uri": "http://scharp.usc.isi.edu/ontology/numofpoints"
                        },
                        "origin": "TfIdfModel",
                        "confidenceScore": 0.0
                    },
                    {
                        "hNodeId": "HN300",
                        "domain": {
                            "uri": "http://scharp.usc.isi.edu/ontology/SAMSite"
                        },
                        "type": {
                            "uri": "http://scharp.usc.isi.edu/ontology/team"
                        },
                        "origin": "TfIdfModel",
                        "confidenceScore": 0.0
                    },
                    {
                        "hNodeId": "HN300",
                        "domain": {
                            "uri": "http://scharp.usc.isi.edu/ontology/Airspace"
                        },
                        "type": {
                            "uri": "http://scharp.usc.isi.edu/ontology/floor"
                        },
                        "origin": "TfIdfModel",
                        "confidenceScore": 0.0
                    },
                    {
                        "hNodeId": "HN300",
                        "domain": {
                            "uri": "http://scharp.usc.isi.edu/ontology/SAMSite"
                        },
                        "type": {
                            "uri": "http://scharp.usc.isi.edu/ontology/include"
                        },
                        "origin": "TfIdfModel",
                        "confidenceScore": 0.0
                    },
                    {
                        "hNodeId": "HN300",
                        "domain": {
                            "uri": "http://scharp.usc.isi.edu/ontology/AirspaceSegment"
                        },
                        "type": {
                            "uri": "http://scharp.usc.isi.edu/ontology/airspaceSegmentKey"
                        },
                        "origin": "TfIdfModel",
                        "confidenceScore": 0.0
                    },
                    {
                        "hNodeId": "HN300",
                        "domain": {
                            "uri": "http://scharp.usc.isi.edu/ontology/Airspace"
                        },
                        "type": {
                            "uri": "http://scharp.usc.isi.edu/ontology/shape"
                        },
                        "origin": "TfIdfModel",
                        "confidenceScore": 0.0
                    },
                    {
                        "hNodeId": "HN300",
                        "domain": {
                            "uri": "http://scharp.usc.isi.edu/ontology/SAMSite"
                        },
                        "type": {
                            "uri": "http://scharp.usc.isi.edu/ontology/originalTeam"
                        },
                        "origin": "TfIdfModel",
                        "confidenceScore": 0.0
                    },
                    {
                        "hNodeId": "HN300",
                        "domain": {
                            "uri": "http://scharp.usc.isi.edu/ontology/SAMSite"
                        },
                        "type": {
                            "uri": "http://scharp.usc.isi.edu/ontology/numMissiles"
                        },
                        "origin": "TfIdfModel",
                        "confidenceScore": 0.0
                    },
                    {
                        "hNodeId": "HN300",
                        "domain": {
                            "uri": "http://scharp.usc.isi.edu/ontology/SAMSite"
                        },
                        "type": {
                            "uri": "http://scharp.usc.isi.edu/ontology/index"
                        },
                        "origin": "TfIdfModel",
                        "confidenceScore": 0.0
                    },
                    {
                        "hNodeId": "HN300",
                        "domain": {
                            "uri": "http://scharp.usc.isi.edu/ontology/SAMSite"
                        },
                        "type": {
                            "uri": "http://scharp.usc.isi.edu/ontology/surRange"
                        },
                        "origin": "TfIdfModel",
                        "confidenceScore": 0.0
                    },
                    {
                        "hNodeId": "HN300",
                        "domain": {
                            "uri": "http://scharp.usc.isi.edu/ontology/AirspaceSegment"
                        },
                        "type": {
                            "uri": "http://scharp.usc.isi.edu/ontology/maxaltitude"
                        },
                        "origin": "TfIdfModel",
                        "confidenceScore": 0.0
                    },
                    {
                        "hNodeId": "HN300",
                        "domain": {
                            "uri": "http://scharp.usc.isi.edu/ontology/Airbase"
                        },
                        "type": {
                            "uri": "http://scharp.usc.isi.edu/ontology/index"
                        },
                        "origin": "TfIdfModel",
                        "confidenceScore": 0.0
                    },
                    {
                        "hNodeId": "HN300",
                        "domain": {
                            "uri": "http://scharp.usc.isi.edu/ontology/SAMSite"
                        },
                        "type": {
                            "uri": "http://scharp.usc.isi.edu/ontology/engRange"
                        },
                        "origin": "TfIdfModel",
                        "confidenceScore": 0.0
                    },
                    {
                        "hNodeId": "HN300",
                        "domain": {
                            "uri": "http://scharp.usc.isi.edu/ontology/Airspace"
                        },
                        "type": {
                            "uri": "http://scharp.usc.isi.edu/ontology/airspaceKey"
                        },
                        "origin": "TfIdfModel",
                        "confidenceScore": 0.0
                    },
                    {
                        "hNodeId": "HN300",
                        "domain": {
                            "uri": "http://scharp.usc.isi.edu/ontology/Airspace"
                        },
                        "type": {
                            "uri": "http://scharp.usc.isi.edu/ontology/areatype"
                        },
                        "origin": "TfIdfModel",
                        "confidenceScore": 0.0
                    },
                    {
                        "hNodeId": "HN300",
                        "domain": {
                            "uri": "http://scharp.usc.isi.edu/ontology/Point"
                        },
                        "type": {
                            "uri": "http://scharp.usc.isi.edu/ontology/airspacePointKey"
                        },
                        "origin": "TfIdfModel",
                        "confidenceScore": 0.0
                    }
                ],
                "modelIds": null
            },
            {
                "id": "HN21",
                "label": {
                    "uri": "HN21"
                },
                "type": "ColumnNode",
                "hNodeId": "HN21",
                "columnName": "NAME",
                "rdfLiteralType": null,
                "language": null,
                "userSemanticTypes": [
                    {
                        "hNodeId": "HN21",
                        "domain": {
                            "uri": "http://scharp.usc.isi.edu/ontology/Target"
                        },
                        "type": {
                            "uri": "http://scharp.usc.isi.edu/ontology/TargetName"
                        },
                        "origin": "User",
                        "confidenceScore": 1.0
                    }
                ],
                "learnedSemanticTypes": null,
                "modelIds": null
            },
            {
                "id": "HN11",
                "label": {
                    "uri": "HN11"
                },
                "type": "ColumnNode",
                "hNodeId": "HN11",
                "columnName": "PRI",
                "rdfLiteralType": null,
                "language": null,
                "userSemanticTypes": [
                    {
                        "hNodeId": "HN11",
                        "domain": {
                            "uri": "http://scharp.usc.isi.edu/ontology/Target"
                        },
                        "type": {
                            "uri": "http://scharp.usc.isi.edu/ontology/Priority"
                        },
                        "origin": "User",
                        "confidenceScore": 1.0
                    }
                ],
                "learnedSemanticTypes": null,
                "modelIds": null
            }
        ],
        "links": [
            {
                "id": "http://scharp.usc.isi.edu/ontology/Target1---http://scharp.usc.isi.edu/ontology/locatein---http://scharp.usc.isi.edu/ontology/Point1",
                "weight": 0.009999999776482582,
                "type": "ObjectPropertyLink",
                "label": {
                    "uri": "http://scharp.usc.isi.edu/ontology/locatein"
                },
                "objectPropertyType": "None",
                "status": "ForcedByUser",
                "keyInfo": "None",
                "modelIds": null
            },
            {
                "id": "http://scharp.usc.isi.edu/ontology/Target1---http://scharp.usc.isi.edu/ontology/taskId---HN13",
                "weight": 0.01,
                "type": "DataPropertyLink",
                "label": {
                    "uri": "http://scharp.usc.isi.edu/ontology/taskId"
                },
                "status": "ForcedByUser",
                "keyInfo": "None",
                "modelIds": null
            },
            {
                "id": "http://scharp.usc.isi.edu/ontology/Target1---http://isi.edu/integration/karma/dev#classLink---HN268",
                "weight": 0.01,
                "type": "ClassInstanceLink",
                "label": {
                    "uri": "http://isi.edu/integration/karma/dev#classLink"
                },
                "status": "ForcedByUser",
                "keyInfo": "UriOfInstance",
                "modelIds": null
            },
            {
                "id": "http://scharp.usc.isi.edu/ontology/Target1---http://scharp.usc.isi.edu/ontology/countryCode---HN15",
                "weight": 0.01,
                "type": "DataPropertyLink",
                "label": {
                    "uri": "http://scharp.usc.isi.edu/ontology/countryCode"
                },
                "status": "ForcedByUser",
                "keyInfo": "None",
                "modelIds": null
            },
            {
                "id": "http://scharp.usc.isi.edu/ontology/Point1---http://scharp.usc.isi.edu/ontology/longitude---HN326",
                "weight": 0.01,
                "type": "DataPropertyLink",
                "label": {
                    "uri": "http://scharp.usc.isi.edu/ontology/longitude"
                },
                "status": "ForcedByUser",
                "keyInfo": "None",
                "modelIds": null
            },
            {
                "id": "http://scharp.usc.isi.edu/ontology/Target1---http://scharp.usc.isi.edu/ontology/Damage---HN9",
                "weight": 0.01,
                "type": "DataPropertyLink",
                "label": {
                    "uri": "http://scharp.usc.isi.edu/ontology/Damage"
                },
                "status": "ForcedByUser",
                "keyInfo": "None",
                "modelIds": null
            },
            {
                "id": "http://scharp.usc.isi.edu/ontology/Target1---http://scharp.usc.isi.edu/ontology/targetId---HN17",
                "weight": 0.01,
                "type": "DataPropertyLink",
                "label": {
                    "uri": "http://scharp.usc.isi.edu/ontology/targetId"
                },
                "status": "ForcedByUser",
                "keyInfo": "None",
                "modelIds": null
            },
            {
                "id": "http://scharp.usc.isi.edu/ontology/Target1---http://scharp.usc.isi.edu/ontology/Functionable---HN27",
                "weight": 0.01,
                "type": "DataPropertyLink",
                "label": {
                    "uri": "http://scharp.usc.isi.edu/ontology/Functionable"
                },
                "status": "ForcedByUser",
                "keyInfo": "None",
                "modelIds": null
            },
            {
                "id": "http://scharp.usc.isi.edu/ontology/Point1---http://scharp.usc.isi.edu/ontology/latitude---HN300",
                "weight": 0.01,
                "type": "DataPropertyLink",
                "label": {
                    "uri": "http://scharp.usc.isi.edu/ontology/latitude"
                },
                "status": "ForcedByUser",
                "keyInfo": "None",
                "modelIds": null
            },
            {
                "id": "http://scharp.usc.isi.edu/ontology/Target1---http://scharp.usc.isi.edu/ontology/TargetName---HN21",
                "weight": 0.01,
                "type": "DataPropertyLink",
                "label": {
                    "uri": "http://scharp.usc.isi.edu/ontology/TargetName"
                },
                "status": "ForcedByUser",
                "keyInfo": "None",
                "modelIds": null
            },
            {
                "id": "http://scharp.usc.isi.edu/ontology/Target1---http://scharp.usc.isi.edu/ontology/Priority---HN11",
                "weight": 0.01,
                "type": "DataPropertyLink",
                "label": {
                    "uri": "http://scharp.usc.isi.edu/ontology/Priority"
                },
                "status": "ForcedByUser",
                "keyInfo": "None",
                "modelIds": null
            }
        ]
    }
}