{
    "id": "RSPACE_TE2_scenario_v5_Airbases.xml",
    "name": "RSPACE_TE2_scenario_v5_Airbases.xml",
    "description": null,
    "sourceColumns": [
        {
            "id": "HN39",
            "hNodeId": "HN39",
            "columnName": "OperatingStatus"
        },
        {
            "id": "HN43",
            "hNodeId": "HN43",
            "columnName": "ScenarioName"
        },
        {
            "id": "HN45",
            "hNodeId": "HN45",
            "columnName": "ShipName"
        },
        {
            "id": "HN29",
            "hNodeId": "HN29",
            "columnName": "Index"
        },
        {
            "id": "HN35",
            "hNodeId": "HN35",
            "columnName": "Name"
        },
        {
            "id": "HN170",
            "hNodeId": "HN170",
            "columnName": "airbase_uri"
        },
        {
            "id": "HN25",
            "hNodeId": "HN25",
            "columnName": "FacilityName"
        },
        {
            "id": "HN31",
            "hNodeId": "HN31",
            "columnName": "Latitude"
        },
        {
            "id": "HN23",
            "hNodeId": "HN23",
            "columnName": "CurrentStatus"
        },
        {
            "id": "HN33",
            "hNodeId": "HN33",
            "columnName": "Longitude"
        }
    ],
    "mappingToSourceColumns": [
        {
            "id": "HN43",
            "sourceColumnId": "HN43"
        },
        {
            "id": "HN39",
            "sourceColumnId": "HN39"
        },
        {
            "id": "HN45",
            "sourceColumnId": "HN45"
        },
        {
            "id": "HN29",
            "sourceColumnId": "HN29"
        },
        {
            "id": "HN35",
            "sourceColumnId": "HN35"
        },
        {
            "id": "HN170",
            "sourceColumnId": "HN170"
        },
        {
            "id": "HN25",
            "sourceColumnId": "HN25"
        },
        {
            "id": "HN31",
            "sourceColumnId": "HN31"
        },
        {
            "id": "HN23",
            "sourceColumnId": "HN23"
        },
        {
            "id": "HN33",
            "sourceColumnId": "HN33"
        }
    ],
    "graph": {
        "nodes": [
            {
                "id": "http://scharp.usc.isi.edu/ontology/Airbase1",
                "label": {
                    "uri": "http://scharp.usc.isi.edu/ontology/Airbase"
                },
                "type": "InternalNode",
                "modelIds": null
            },
            {
                "id": "http://scharp.usc.isi.edu/ontology/Point1",
                "label": {
                    "uri": "http://scharp.usc.isi.edu/ontology/Point"
                },
                "type": "InternalNode",
                "modelIds": null
            },
            {
                "id": "HN39",
                "label": {
                    "uri": "HN39"
                },
                "type": "ColumnNode",
                "hNodeId": "HN39",
                "columnName": "OperatingStatus",
                "rdfLiteralType": null,
                "language": "",
                "userSemanticTypes": [
                    {
                        "hNodeId": "HN39",
                        "domain": {
                            "uri": "http://scharp.usc.isi.edu/ontology/Airbase"
                        },
                        "type": {
                            "uri": "http://scharp.usc.isi.edu/ontology/operatingStatus"
                        },
                        "origin": "User",
                        "confidenceScore": 1.0
                    }
                ],
                "learnedSemanticTypes": [
                    {
                        "hNodeId": "HN39",
                        "domain": {
                            "uri": "http://scharp.usc.isi.edu/ontology/Target"
                        },
                        "type": {
                            "uri": "http://scharp.usc.isi.edu/ontology/Functionable"
                        },
                        "origin": "TfIdfModel",
                        "confidenceScore": 0.25384657447312475
                    },
                    {
                        "hNodeId": "HN39",
                        "domain": {
                            "uri": "http://scharp.usc.isi.edu/ontology/SAMSite"
                        },
                        "type": {
                            "uri": "http://scharp.usc.isi.edu/ontology/status"
                        },
                        "origin": "TfIdfModel",
                        "confidenceScore": 0.24871780850895842
                    },
                    {
                        "hNodeId": "HN39",
                        "domain": {
                            "uri": "http://scharp.usc.isi.edu/ontology/SAMSite"
                        },
                        "type": {
                            "uri": "http://scharp.usc.isi.edu/ontology/currentStatus"
                        },
                        "origin": "TfIdfModel",
                        "confidenceScore": 0.24871780850895842
                    },
                    {
                        "hNodeId": "HN39",
                        "domain": {
                            "uri": "http://scharp.usc.isi.edu/ontology/Airbase"
                        },
                        "type": {
                            "uri": "http://scharp.usc.isi.edu/ontology/currentStatus"
                        },
                        "origin": "TfIdfModel",
                        "confidenceScore": 0.24871780850895842
                    }
                ],
                "modelIds": null
            },
            {
                "id": "HN43",
                "label": {
                    "uri": "HN43"
                },
                "type": "ColumnNode",
                "hNodeId": "HN43",
                "columnName": "ScenarioName",
                "rdfLiteralType": null,
                "language": "",
                "userSemanticTypes": [
                    {
                        "hNodeId": "HN43",
                        "domain": {
                            "uri": "http://scharp.usc.isi.edu/ontology/Airbase"
                        },
                        "type": {
                            "uri": "http://scharp.usc.isi.edu/ontology/scenarioName"
                        },
                        "origin": "User",
                        "confidenceScore": 1.0
                    }
                ],
                "learnedSemanticTypes": [
                    {
                        "hNodeId": "HN43",
                        "domain": {
                            "uri": "http://scharp.usc.isi.edu/ontology/SAMSite"
                        },
                        "type": {
                            "uri": "http://scharp.usc.isi.edu/ontology/scenarioName"
                        },
                        "origin": "TfIdfModel",
                        "confidenceScore": 1.0
                    }
                ],
                "modelIds": null
            },
            {
                "id": "HN45",
                "label": {
                    "uri": "HN45"
                },
                "type": "ColumnNode",
                "hNodeId": "HN45",
                "columnName": "ShipName",
                "rdfLiteralType": null,
                "language": "",
                "userSemanticTypes": [
                    {
                        "hNodeId": "HN45",
                        "domain": {
                            "uri": "http://scharp.usc.isi.edu/ontology/Airbase"
                        },
                        "type": {
                            "uri": "http://scharp.usc.isi.edu/ontology/shipName"
                        },
                        "origin": "User",
                        "confidenceScore": 1.0
                    }
                ],
                "learnedSemanticTypes": [
                    {
                        "hNodeId": "HN45",
                        "domain": {
                            "uri": "http://scharp.usc.isi.edu/ontology/Airbase"
                        },
                        "type": {
                            "uri": "http://scharp.usc.isi.edu/ontology/name"
                        },
                        "origin": "TfIdfModel",
                        "confidenceScore": 1.0
                    }
                ],
                "modelIds": null
            },
            {
                "id": "HN29",
                "label": {
                    "uri": "HN29"
                },
                "type": "ColumnNode",
                "hNodeId": "HN29",
                "columnName": "Index",
                "rdfLiteralType": null,
                "language": "",
                "userSemanticTypes": [
                    {
                        "hNodeId": "HN29",
                        "domain": {
                            "uri": "http://scharp.usc.isi.edu/ontology/Airbase"
                        },
                        "type": {
                            "uri": "http://scharp.usc.isi.edu/ontology/index"
                        },
                        "origin": "User",
                        "confidenceScore": 1.0
                    }
                ],
                "learnedSemanticTypes": [
                    {
                        "hNodeId": "HN29",
                        "domain": {
                            "uri": "http://scharp.usc.isi.edu/ontology/SAMSite"
                        },
                        "type": {
                            "uri": "http://scharp.usc.isi.edu/ontology/team"
                        },
                        "origin": "TfIdfModel",
                        "confidenceScore"