{
    "id": "RSPACE TE2 SAMSites.xml",
    "name": "RSPACE TE2 SAMSites.xml",
    "description": null,
    "sourceColumns": [
        {
            "id": "HN695",
            "hNodeId": "HN695",
            "columnName": "Country"
        },
        {
            "id": "HN697",
            "hNodeId": "HN697",
            "columnName": "CurrentStatus"
        },
        {
            "id": "HN733",
            "hNodeId": "HN733",
            "columnName": "Team"
        },
        {
            "id": "HN693",
            "hNodeId": "HN693",
            "columnName": "BeNumber"
        },
        {
            "id": "HN727",
            "hNodeId": "HN727",
            "columnName": "Source"
        },
        {
            "id": "HN715",
            "hNodeId": "HN715",
            "columnName": "NumMissiles"
        },
        {
            "id": "HN731",
            "hNodeId": "HN731",
            "columnName": "SurRange"
        },
        {
            "id": "HN723",
            "hNodeId": "HN723",
            "columnName": "ScenarioName"
        },
        {
            "id": "HN705",
            "hNodeId": "HN705",
            "columnName": "Include"
        },
        {
            "id": "HN699",
            "hNodeId": "HN699",
            "columnName": "EngRange"
        },
        {
            "id": "HN711",
            "hNodeId": "HN711",
            "columnName": "Longitude"
        },
        {
            "id": "HN1243",
            "hNodeId": "HN1243",
            "columnName": "samsite_uri"
        },
        {
            "id": "HN703",
            "hNodeId": "HN703",
            "columnName": "ID"
        },
        {
            "id": "HN721",
            "hNodeId": "HN721",
            "columnName": "Platform"
        },
        {
            "id": "HN713",
            "hNodeId": "HN713",
            "columnName": "Name"
        },
        {
            "id": "HN709",
            "hNodeId": "HN709",
            "columnName": "Latitude"
        },
        {
            "id": "HN707",
            "hNodeId": "HN707",
            "columnName": "Index"
        },
        {
            "id": "HN719",
            "hNodeId": "HN719",
            "columnName": "OriginalTeam"
        },
        {
            "id": "HN729",
            "hNodeId": "HN729",
            "columnName": "Status"
        }
    ],
    "mappingToSourceColumns": [
        {
            "id": "HN695",
            "sourceColumnId": "HN695"
        },
        {
            "id": "HN697",
            "sourceColumnId": "HN697"
        },
        {
            "id": "HN733",
            "sourceColumnId": "HN733"
        },
        {
            "id": "HN693",
            "sourceColumnId": "HN693"
        },
        {
            "id": "HN727",
            "sourceColumnId": "HN727"
        },
        {
            "id": "HN715",
            "sourceColumnId": "HN715"
        },
        {
            "id": "HN731",
            "sourceColumnId": "HN731"
        },
        {
            "id": "HN723",
            "sourceColumnId": "HN723"
        },
        {
            "id": "HN705",
            "sourceColumnId": "HN705"
        },
        {
            "id": "HN699",
            "sourceColumnId": "HN699"
        },
        {
            "id": "HN711",
            "sourceColumnId": "HN711"
        },
        {
            "id": "HN721",
            "sourceColumnId": "HN721"
        },
        {
            "id": "HN703",
            "sourceColumnId": "HN703"
        },
        {
            "id": "HN1243",
            "sourceColumnId": "HN1243"
        },
        {
            "id": "HN713",
            "sourceColumnId": "HN713"
        },
        {
            "id": "HN709",
            "sourceColumnId": "HN709"
        },
        {
            "id": "HN707",
            "sourceColumnId": "HN707"
        },
        {
            "id": "HN719",
            "sourceColumnId": "HN719"
        },
        {
            "id": "HN729",
            "sourceColumnId": "HN729"
        }
    ],
    "graph": {
        "nodes": [
            {
                "id": "http://scharp.usc.isi.edu/ontology/SAMSite1",
                "label": {
                    "uri": "http://scharp.usc.isi.edu/ontology/SAMSite"
                },
                "type": "InternalNode",
                "modelIds": null
            },
            {
                "id": "http://scharp.usc.isi.edu/ontology/Point1",
                "label": {
                    "uri": "http://scharp.usc.isi.edu/ontology/Point"
                },
                "type": "InternalNode",
                "modelIds": null
            },
            {
                "id": "HN695",
                "label": {
                    "uri": "HN695"
                },
                "type": "ColumnNode",
                "hNodeId": "HN695",
                "columnName": "Country",
                "rdfLiteralType": null,
                "language": "",
                "userSemanticTypes": [
                    {
                        "hNodeId": "HN695",
                        "domain": {
                            "uri": "http://scharp.usc.isi.edu/ontology/SAMSite"
                        },
                        "type": {
                            "uri": "http://scharp.usc.isi.edu/ontology/country"
                        },
                        "origin": "User",
                        "confidenceScore": 1.0
                    }
                ],
                "learnedSemanticTypes": null,
                "modelIds": null
            },
            {
                "id": "HN697",
                "label": {
                    "uri": "HN697"
                },
                "type": "ColumnNode",
                "hNodeId": "HN697",
                "columnName": "CurrentStatus",
                "rdfLiteralType": null,
                "language": "",
                "userSemanticTypes": [
                    {
                        "hNodeId": "HN697",
                        "domain": {
                            "uri": "http://scharp.usc.isi.edu/ontology/SAMSite"
                        },
                        "type": {
                            "uri": "http://scharp.usc.isi.edu/ontology/currentStatus"
                        },
                        "origin": "User",
                        "confidenceScore": 1.0
                    }
                ],
                "learnedSemanticTypes": null,
                "modelIds": null
            },
            {
                "id": "HN733",
                "label": {
                    "uri": "HN733"
                },
                "type": "ColumnNode",
                "hNodeId": "HN733",
                "columnName": "Team",
                "rdfLiteralType": null,
                "language": "",
                "userSemanticTypes": [
                    {
                        "hNodeId": "HN733",
                        "domain": {
                            "uri": "http://scharp.usc.isi.edu/ontology/SAMSite"
                        },
                        "type": {
                            "uri": "http://scharp.usc.isi.edu/ontology/team"
                        },
                        "origin": "User",
                        "confidenceScore": 1.0
                    }
                ],
                "learnedSemanticTypes": null,
                "modelIds": null
            },
            {
                "id": "HN693",
                "label": {
                    "uri": "HN693"
                },
                "type": "ColumnNode",
                "hNodeId": "HN693",
                "columnName": "BeNumber",
                "rdfLiteralType": null,
                "language": "",
                "userSemanticTypes": [
                    {
                        "hNodeId": "HN693",
                        "domain": {
                            "uri": "http://scharp.usc.isi.edu/ontology/SAMSite"
                        },
                        "type": {
                            "uri": "http://scharp.usc.isi.edu/ontology/BeNumber"
                        },
                        "origin": "User",
                        "confidenceScore": 1.0
                    }
                ],
                "learnedSemanticTypes": null,
                "modelIds": null
            },
            {
                "id": "HN727",
                "label": {
                    "uri": "HN727"
                },
                "type": "ColumnNode",
                "hNodeId": "HN727",
                "columnName": "Source",
                "rdfLiteralType": null,
                "language": "",
                "userSemanticTypes": [
                    {
                        "hNodeId": "HN727",
                        "domain": {
                            "uri": "http://scharp.usc.isi.edu/ontology/SAMSite"
                        },
                        "type": {
                            "uri": "http://scharp.usc.isi.edu/ontology/source"
                        },
                        "origin": "User",
                        "confidenceScore": 1.0
                    }
                ],
                "learnedSemanticTypes": null,
                "modelIds": null
            },
            {
                "id": "HN715",
                "label": {
                    "uri": "HN715"
                },
                "type": "ColumnNode",
                "hNodeId": "HN715",
                "columnName": "NumMissiles",
                "rdfLiteralType": null,
                "language": "",
                "userSemanticTypes": [
                    {
                        "hNodeId": "HN715",
                        "domain": {
                            "uri": "http://scharp.usc.isi.edu/ontology/SAMSite"
                        },
                        "type": {
                            "uri": "http://scharp.usc.isi.edu/ontology/numMissiles"
                        },
                        "origin": "User",
                        "confidenceScore": 1.0
                    }
                ],
                "learnedSemanticTypes": null,
                "modelIds": null
            },
            {
                "id": "HN731",
                "label": {
                    "uri": "HN731"
                },
                "type": "ColumnNode",
                "hNodeId": "HN731",
                "columnName": "SurRange",
                "rdfLiteralType": {
                    "uri": "http://www.w3.org/2001/XMLSchema#integer"
                },
                "language": "",
                "userSemanticTypes": [
                    {
                        "hNodeId": "HN731",
                        "domain": {
                            "uri": "http://scharp.usc.isi.edu/ontology/SAMSite"
                        },
                        "type": {
                            "uri": "http://scharp.usc.isi.edu/ontology/surRange"
                        },
                        "origin": "User",
                        "confidenceScore": 1.0
                    }
                ],
                "learnedSemanticTypes": null,
                "modelIds": null
            },
            {
                "id": "HN723",
                "label": {
                    "uri": "HN723"
                },
                "type": "ColumnNode",
                "hNodeId": "HN723",
                "columnName": "ScenarioName",
                "rdfLiteralType": null,
                "language": "",
                "userSemanticTypes": [
                    {
                        "hNodeId": "HN723",
                        "domain": {
                            "uri": "http://scharp.usc.isi.edu/ontology/SAMSite"
                        },
                        "type": {
                            "uri": "http://scharp.usc.isi.edu/ontology/scenarioName"
                        },
                        "origin": "User",
                        "confidenceScore": 1.0
                    }
                ],
                "learnedSemanticTypes": null,
                "modelIds": null
            },
            {
                "id": "HN705",
                "label": {
                    "uri": "HN705"
                },
                "type": "ColumnNode",
                "hNodeId": "HN705",
                "columnName": "Include",
                "rdfLiteralType": null,
                "language": "",
                "userSemanticTypes": [
                    {
                        "hNodeId": "HN705",
                        "domain": {
                            "uri": "http://scharp.usc.isi.edu/ontology/SAMSite"
                        },
                        "type": {
                            "uri": "http://scharp.usc.isi.edu/ontology/include"
                        },
                        "origin": "User",
                        "confidenceScore": 1.0
                    }
                ],
                "learnedSemanticTypes": null,
                "modelIds": null
            },
            {
                "id": "HN699",
                "label": {
                    "uri": "HN699"
                },
                "type": "ColumnNode",
                "hNodeId": "HN699",
                "columnName": "EngRange",
                "rdfLiteralType": {
                    "uri": "http://www.w3.org/2001/XMLSchema#integer"
                },
                "language": "",
                "userSemanticTypes": [
                    {
                        "hNodeId": "HN699",
                        "domain": {
                            "uri": "http://scharp.usc.isi.edu/ontology/SAMSite"
                        },
                        "type": {
                            "uri": "http://scharp.usc.isi.edu/ontology/engRange"
                        },
                        "origin": "User",
                        "confidenceScore": 1.0
                    }
                ],
                "learnedSemanticTypes": null,
                "modelIds": null
            },
            {
                "id": "HN711",
                "label": {
                    "uri": "HN711"
                },
                "type": "ColumnNode",
                "hNodeId": "HN711",
                "columnName": "Longitude",
                "rdfLiteralType": {
                    "uri": "http://www.w3.org/2001/XMLSchema#float"
                },
                "language": "",
                "userSemanticTypes": [
                    {
                        "hNodeId": "HN711",
                        "domain": {
                            "uri": "http://scharp.usc.isi.edu/ontology/Point"
                        },
                        "type": {
                            "uri": "http://scharp.usc.isi.edu/ontology/longitude"
                        },
                        "origin": "User",
                        "confidenceScore": 1.0
                    }
                ],
                "learnedSemanticTypes": null,
                "modelIds": null
            },
            {
                "id": "HN1243",
                "label": {
                    "uri": "HN1243"
                },
                "type": "ColumnNode",
                "hNodeId": "HN1243",
                "columnName": "samsite_uri",
                "rdfLiteralType": null,
                "language": "",
                "userSemanticTypes": [
                    {
                        "hNodeId": "HN1243",
                        "domain": {
                            "uri": "http://scharp.usc.isi.edu/ontology/SAMSite"
                        },
                        "type": {
                            "uri": "http://isi.edu/integration/karma/dev#classLink"
                        },
                        "origin": "User",
                        "confidenceScore": 1.0
                    }
                ],
                "learnedSemanticTypes": null,
                "modelIds": null
            },
            {
                "id": "HN703",
                "label": {
                    "uri": "HN703"
                },
                "type": "ColumnNode",
                "hNodeId": "HN703",
                "columnName": "ID",
                "rdfLiteralType": null,
                "language": "",
                "userSemanticTypes": [
                    {
                        "hNodeId": "HN703",
                        "domain": {
                            "uri": "http://scharp.usc.isi.edu/ontology/SAMSite"
                        },
                        "type": {
                            "uri": "http://scharp.usc.isi.edu/ontology/samSiteId"
                        },
                        "origin": "User",
                        "confidenceScore": 1.0
                    }
                ],
                "learnedSemanticTypes": null,
                "modelIds": null
            },
            {
                "id": "HN721",
                "label": {
                    "uri": "HN721"
                },
                "type": "ColumnNode",
                "hNodeId": "HN721",
                "columnName": "Platform",
                "rdfLiteralType": null,
                "language": "",
                "userSemanticTypes": [
                    {
                        "hNodeId": "HN721",
                        "domain": {
                            "uri": "http://scharp.usc.isi.edu/ontology/SAMSite"
                        },
                        "type": {
                            "uri": "http://scharp.usc.isi.edu/ontology/platform"
                        },
                        "origin": "User",
                        "confidenceScore": 1.0
                    }
                ],
                "learnedSemanticTypes": null,
                "modelIds": null
            },
            {
                "id": "HN713",
                "label": {
                    "uri": "HN713"
                },
                "type": "ColumnNode",
                "hNodeId": "HN713",
                "columnName": "Name",
                "rdfLiteralType": null,
                "language": "",
                "userSemanticTypes": [
                    {
                        "hNodeId": "HN713",
                        "domain": {
                            "uri": "http://scharp.usc.isi.edu/ontology/SAMSite"
                        },
                        "type": {
                            "uri": "http://scharp.usc.isi.edu/ontology/name"
                        },
                        "origin": "User",
                        "confidenceScore": 1.0
                    }
                ],
                "learnedSemanticTypes": null,
                "modelIds": null
            },
            {
                "id": "HN709",
                "label": {
                    "uri": "HN709"
                },
                "type": "ColumnNode",
                "hNodeId": "HN709",
                "columnName": "Latitude",
                "rdfLiteralType": {
                    "uri": "http://www.w3.org/2001/XMLSchema#float"
                },
                "language": "",
                "userSemanticTypes": [
                    {
                        "hNodeId": "HN709",
                        "domain": {
                            "uri": "http://scharp.usc.isi.edu/ontology/Point"
                        },
                        "type": {
                            "uri": "http://scharp.usc.isi.edu/ontology/latitude"
                        },
                        "origin": "User",
                        "confidenceScore": 1.0
                    }
                ],
                "learnedSemanticTypes": null,
                "modelIds": null
            },
            {
                "id": "HN707",
                "label": {
                    "uri": "HN707"
                },
                "type": "ColumnNode",
                "hNodeId": "HN707",
                "columnName": "Index",
                "rdfLiteralType": null,
                "language": "",
                "userSemanticTypes": [
                    {
                        "hNodeId": "HN707",
                        "domain": {
                            "uri": "http://scharp.usc.isi.edu/ontology/SAMSite"
                        },
                        "type": {
                            "uri": "http://scharp.usc.isi.edu/ontology/index"
                        },
                        "origin": "User",
                        "confidenceScore": 1.0
                    }
                ],
                "learnedSemanticTypes": null,
                "modelIds": null
            },
            {
                "id": "HN719",
                "label": {
                    "uri": "HN719"
                },
                "type": "ColumnNode",
                "hNodeId": "HN719",
                "columnName": "OriginalTeam",
                "rdfLiteralType": null,
                "language": "",
                "userSemanticTypes": [
                    {
                        "hNodeId": "HN719",
                        "domain": {
                            "uri": "http://scharp.usc.isi.edu/ontology/SAMSite"
                        },
                        "type": {
                            "uri": "http://scharp.usc.isi.edu/ontology/originalTeam"
                        },
                        "origin": "User",
                        "confidenceScore": 1.0
                    }
                ],
                "learnedSemanticTypes": null,
                "modelIds": null
            },
            {
                "id": "HN729",
                "label": {
                    "uri": "HN729"
                },
                "type": "ColumnNode",
                "hNodeId": "HN729",
                "columnName": "Status",
                "rdfLiteralType": null,
                "language": "",
                "userSemanticTypes": [
                    {
                        "hNodeId": "HN729",
                        "domain": {
                            "uri": "http://scharp.usc.isi.edu/ontology/SAMSite"
                        },
                        "type": {
                            "uri": "http://scharp.usc.isi.edu/ontology/status"
                        },
                        "origin": "User",
                        "confidenceScore": 1.0
                    }
                ],
                "learnedSemanticTypes": null,
                "modelIds": null
            }
        ],
        "links": [
            {
                "id": "http://scharp.usc.isi.edu/ontology/SAMSite1---http://scharp.usc.isi.edu/ontology/locatein---http://scharp.usc.isi.edu/ontology/Point1",
                "weight": 0.009999999776482582,
                "type": "ObjectPropertyLink",
                "label": {
                    "uri": "http://scharp.usc.isi.edu/ontology/locatein"
                },
                "objectPropertyType": "None",
                "status": "ForcedByUser",
                "keyInfo": "None",
                "modelIds": null
            },
            {
                "id": "http://scharp.usc.isi.edu/ontology/SAMSite1---http://scharp.usc.isi.edu/ontology/country---HN695",
                "weight": 0.01,
                "type": "DataPropertyLink",
                "label": {
                    "uri": "http://scharp.usc.isi.edu/ontology/country"
                },
                "status": "ForcedByUser",
                "keyInfo": "None",
                "modelIds": null
            },
            {
                "id": "http://scharp.usc.isi.edu/ontology/SAMSite1---http://scharp.usc.isi.edu/ontology/currentStatus---HN697",
                "weight": 0.01,
                "type": "DataPropertyLink",
                "label": {
                    "uri": "http://scharp.usc.isi.edu/ontology/currentStatus"
                },
                "status": "ForcedByUser",
                "keyInfo": "None",
                "modelIds": null
            },
            {
                "id": "http://scharp.usc.isi.edu/ontology/SAMSite1---http://scharp.usc.isi.edu/ontology/team---HN733",
                "weight": 0.01,
                "type": "DataPropertyLink",
                "label": {
                    "uri": "http://scharp.usc.isi.edu/ontology/team"
                },
                "status": "ForcedByUser",
                "keyInfo": "None",
                "modelIds": null
            },
            {
                "id": "http://scharp.usc.isi.edu/ontology/SAMSite1---http://scharp.usc.isi.edu/ontology/BeNumber---HN693",
                "weight": 0.01,
                "type": "DataPropertyLink",
                "label": {
                    "uri": "http://scharp.usc.isi.edu/ontology/BeNumber"
                },
                "status": "ForcedByUser",
                "keyInfo": "None",
                "modelIds": null
            },
            {
                "id": "http://scharp.usc.isi.edu/ontology/SAMSite1---http://scharp.usc.isi.edu/ontology/source---HN727",
                "weight": 0.01,
                "type": "DataPropertyLink",
                "label": {
                    "uri": "http://scharp.usc.isi.edu/ontology/source"
                },
                "status": "ForcedByUser",
                "keyInfo": "None",
                "modelIds": null
            },
            {
                "id": "http://scharp.usc.isi.edu/ontology/SAMSite1---http://scharp.usc.isi.edu/ontology/numMissiles---HN715",
                "weight": 0.01,
                "type": "DataPropertyLink",
                "label": {
                    "uri": "http://scharp.usc.isi.edu/ontology/numMissiles"
                },
                "status": "ForcedByUser",
                "keyInfo": "None",
                "modelIds": null
            },
            {
                "id": "http://scharp.usc.isi.edu/ontology/SAMSite1---http://scharp.usc.isi.edu/ontology/surRange---HN731",
                "weight": 0.01,
                "type": "DataPropertyLink",
                "label": {
                    "uri": "http://scharp.usc.isi.edu/ontology/surRange"
                },
                "status": "ForcedByUser",
                "keyInfo": "None",
                "modelIds": null
            },
            {
                "id": "http://scharp.usc.isi.edu/ontology/SAMSite1---http://scharp.usc.isi.edu/ontology/scenarioName---HN723",
                "weight": 0.01,
                "type": "DataPropertyLink",
                "label": {
                    "uri": "http://scharp.usc.isi.edu/ontology/scenarioName"
                },
                "status": "ForcedByUser",
                "keyInfo": "None",
                "modelIds": null
            },
            {
                "id": "http://scharp.usc.isi.edu/ontology/SAMSite1---http://scharp.usc.isi.edu/ontology/include---HN705",
                "weight": 0.01,
                "type": "DataPropertyLink",
                "label": {
                    "uri": "http://scharp.usc.isi.edu/ontology/include"
                },
                "status": "ForcedByUser",
                "keyInfo": "None",
                "modelIds": null
            },
            {
                "id": "http://scharp.usc.isi.edu/ontology/SAMSite1---http://scharp.usc.isi.edu/ontology/engRange---HN699",
                "weight": 0.01,
                "type": "DataPropertyLink",
                "label": {
                    "uri": "http://scharp.usc.isi.edu/ontology/engRange"
                },
                "status": "ForcedByUser",
                "keyInfo": "None",
                "modelIds": null
            },
            {
                "id": "http://scharp.usc.isi.edu/ontology/Point1---http://scharp.usc.isi.edu/ontology/longitude---HN711",
                "weight": 0.01,
                "type": "DataPropertyLink",
                "label": {
                    "uri": "http://scharp.usc.isi.edu/ontology/longitude"
                },
                "status": "ForcedByUser",
                "keyInfo": "None",
                "modelIds": null
            },
            {
                "id": "http://scharp.usc.isi.edu/ontology/SAMSite1---http://isi.edu/integration/karma/dev#classLink---HN1243",
                "weight": 0.01,
                "type": "ClassInstanceLink",
                "label": {
                    "uri": "http://isi.edu/integration/karma/dev#classLink"
                },
                "status": "ForcedByUser",
                "keyInfo": "UriOfInstance",
                "modelIds": null
            },
            {
                "id": "http://scharp.usc.isi.edu/ontology/SAMSite1---http://scharp.usc.isi.edu/ontology/samSiteId---HN703",
                "weight": 0.01,
                "type": "DataPropertyLink",
                "label": {
                    "uri": "http://scharp.usc.isi.edu/ontology/samSiteId"
                },
                "status": "ForcedByUser",
                "keyInfo": "None",
                "modelIds": null
            },
            {
                "id": "http://scharp.usc.isi.edu/ontology/SAMSite1---http://scharp.usc.isi.edu/ontology/platform---HN721",
                "weight": 0.01,
                "type": "DataPropertyLink",
                "label": {
                    "uri": "http://scharp.usc.isi.edu/ontology/platform"
                },
                "status": "ForcedByUser",
                "keyInfo": "None",
                "modelIds": null
            },
            {
                "id": "http://scharp.usc.isi.edu/ontology/SAMSite1---http://scharp.usc.isi.edu/ontology/name---HN713",
                "weight": 0.01,
                "type": "DataPropertyLink",
                "label": {
                    "uri": "http://scharp.usc.isi.edu/ontology/name"
                },
                "status": "ForcedByUser",
                "keyInfo": "None",
                "modelIds": null
            },
            {
                "id": "http://scharp.usc.isi.edu/ontology/Point1---http://scharp.usc.isi.edu/ontology/latitude---HN709",
                "weight": 0.01,
                "type": "DataPropertyLink",
                "label": {
                    "uri": "http://scharp.usc.isi.edu/ontology/latitude"
                },
                "status": "ForcedByUser",
                "keyInfo": "None",
                "modelIds": null
            },
            {
                "id": "http://scharp.usc.isi.edu/ontology/SAMSite1---http://scharp.usc.isi.edu/ontology/index---HN707",
                "weight": 0.01,
                "type": "DataPropertyLink",
                "label": {
                    "uri": "http://scharp.usc.isi.edu/ontology/index"
                },
                "status": "ForcedByUser",
                "keyInfo": "None",
                "modelIds": null
            },
            {
                "id": "http://scharp.usc.isi.edu/ontology/SAMSite1---http://scharp.usc.isi.edu/ontology/originalTeam---HN719",
                "weight": 0.01,
                "type": "DataPropertyLink",
                "label": {
                    "uri": "http://scharp.usc.isi.edu/ontology/originalTeam"
                },
                "status": "ForcedByUser",
                "keyInfo": "None",
                "modelIds": null
            },
            {
                "id": "http://scharp.usc.isi.edu/ontology/SAMSite1---http://scharp.usc.isi.edu/ontology/status---HN729",
                "weight": 0.01,
                "type": "DataPropertyLink",
                "label": {
                    "uri": "http://scharp.usc.isi.edu/ontology/status"
                },
                "status": "ForcedByUser",
                "keyInfo": "None",
                "modelIds": null
            }
        ]
    }
}