{
    "id": "SAMSites.xml",
    "name": "SAMSites.xml",
    "description": null,
    "sourceColumns": [
        {
            "id": "HN896",
            "hNodeId": "HN896",
            "columnName": "Team"
        },
        {
            "id": "HN894",
            "hNodeId": "HN894",
            "columnName": "SurRange"
        },
        {
            "id": "HN892",
            "hNodeId": "HN892",
            "columnName": "Status"
        },
        {
            "id": "HN890",
            "hNodeId": "HN890",
            "columnName": "Source"
        },
        {
            "id": "HN860",
            "hNodeId": "HN860",
            "columnName": "CurrentStatus"
        },
        {
            "id": "HN870",
            "hNodeId": "HN870",
            "columnName": "Index"
        },
        {
            "id": "HN862",
            "hNodeId": "HN862",
            "columnName": "EngRange"
        },
        {
            "id": "HN882",
            "hNodeId": "HN882",
            "columnName": "OriginalTeam"
        },
        {
            "id": "HN874",
            "hNodeId": "HN874",
            "columnName": "Longitude"
        },
        {
            "id": "HN884",
            "hNodeId": "HN884",
            "columnName": "Platform"
        },
        {
            "id": "HN872",
            "hNodeId": "HN872",
            "columnName": "Latitude"
        },
        {
            "id": "HN878",
            "hNodeId": "HN878",
            "columnName": "NumMissiles"
        },
        {
            "id": "HN886",
            "hNodeId": "HN886",
            "columnName": "ScenarioName"
        },
        {
            "id": "HN868",
            "hNodeId": "HN868",
            "columnName": "Include"
        },
        {
            "id": "HN876",
            "hNodeId": "HN876",
            "columnName": "Name"
        },
        {
            "id": "HN858",
            "hNodeId": "HN858",
            "columnName": "Country"
        },
        {
            "id": "HN856",
            "hNodeId": "HN856",
            "columnName": "BeNumber"
        },
        {
            "id": "HN866",
            "hNodeId": "HN866",
            "columnName": "ID"
        },
        {
            "id": "HN1406",
            "hNodeId": "HN1406",
            "columnName": "samsite_uri"
        }
    ],
    "mappingToSourceColumns": [
        {
            "id": "HN896",
            "sourceColumnId": "HN896"
        },
        {
            "id": "HN894",
            "sourceColumnId": "HN894"
        },
        {
            "id": "HN892",
            "sourceColumnId": "HN892"
        },
        {
            "id": "HN890",
            "sourceColumnId": "HN890"
        },
        {
            "id": "HN860",
            "sourceColumnId": "HN860"
        },
        {
            "id": "HN870",
            "sourceColumnId": "HN870"
        },
        {
            "id": "HN862",
            "sourceColumnId": "HN862"
        },
        {
            "id": "HN882",
            "sourceColumnId": "HN882"
        },
        {
            "id": "HN874",
            "sourceColumnId": "HN874"
        },
        {
            "id": "HN884",
            "sourceColumnId": "HN884"
        },
        {
            "id": "HN872",
            "sourceColumnId": "HN872"
        },
        {
            "id": "HN878",
            "sourceColumnId": "HN878"
        },
        {
            "id": "HN868",
            "sourceColumnId": "HN868"
        },
        {
            "id": "HN886",
            "sourceColumnId": "HN886"
        },
        {
            "id": "HN858",
            "sourceColumnId": "HN858"
        },
        {
            "id": "HN876",
            "sourceColumnId": "HN876"
        },
        {
            "id": "HN856",
            "sourceColumnId": "HN856"
        },
        {
            "id": "HN866",
            "sourceColumnId": "HN866"
        },
        {
            "id": "HN1406",
            "sourceColumnId": "HN1406"
        }
    ],
    "graph": {
        "nodes": [
            {
                "id": "http://scharp.usc.isi.edu/ontology/SAMSite1",
                "label": {
                    "uri": "http://scharp.usc.isi.edu/ontology/SAMSite"
                },
                "type": "InternalNode",
                "modelIds": null
            },
            {
                "id": "http://scharp.usc.isi.edu/ontology/Point1",
                "label": {
                    "uri": "http://scharp.usc.isi.edu/ontology/Point"
                },
                "type": "InternalNode",
                "modelIds": null
            },
            {
                "id": "HN896",
                "label": {
                    "uri": "HN896"
                },
                "type": "ColumnNode",
                "hNodeId": "HN896",
                "columnName": "Team",
                "rdfLiteralType": null,
                "language": "",
                "userSemanticTypes": [
                    {
                        "hNodeId": "HN896",
                        "domain": {
                            "uri": "http://scharp.usc.isi.edu/ontology/SAMSite"
                        },
                        "type": {
                            "uri": "http://scharp.usc.isi.edu/ontology/team"
                        },
                        "origin": "User",
                        "confidenceScore": 1.0
                    }
                ],
                "learnedSemanticTypes": null,
                "modelIds": null
            },
            {
                "id": "HN894",
                "label": {
                    "uri": "HN894"
                },
                "type": "ColumnNode",
                "hNodeId": "HN894",
                "columnName": "SurRange",
                "rdfLiteralType": null,
                "language": "",
                "userSemanticTypes": [
                    {
                        "hNodeId": "HN894",
                        "domain": {
                            "uri": "http://scharp.usc.isi.edu/ontology/SAMSite"
                        },
                        "type": {
                            "uri": "http://scharp.usc.isi.edu/ontology/surRange"
                        },
                        "origin": "User",
                        "confidenceScore": 1.0
                    }
                ],
                "learnedSemanticTypes": null,
                "modelIds": null
            },
            {
                "id": "HN892",
                "label": {
                    "uri": "HN892"
                },
                "type": "ColumnNode",
                "hNodeId": "HN892",
                "columnName": "Status",
                "rdfLiteralType": null,
                "language": "",
                "userSemanticTypes": [
                    {
                        "hNodeId": "HN892",
                        "domain": {
                            "uri": "http://scharp.usc.isi.edu/ontology/SAMSite"
                        },
                        "type": {
                            "uri": "http://scharp.usc.isi.edu/ontology/status"
                        },
                        "origin": "User",
                        "confidenceScore": 1.0
                    }
                ],
                "learnedSemanticTypes": null,
                "modelIds": null
            },
            {
                "id": "HN890",
                "label": {
                    "uri": "HN890"
                },
                "type": "ColumnNode",
                "hNodeId": "HN890",
                "columnName": "Source",
                "rdfLiteralType": null,
                "language": "",
                "userSemanticTypes": [
                    {
                        "hNodeId": "HN890",
                        "domain": {
                            "uri": "http://scharp.usc.isi.edu/ontology/SAMSite"
                        },
                        "type": {
                            "uri": "http://scharp.usc.isi.edu/ontology/source"
                        },
                        "origin": "User",
                        "confidenceScore": 1.0
                    }
                ],
                "learnedSemanticTypes": null,
                "modelIds": null
            },
            {
                "id": "HN860",
                "label": {
                    "uri": "HN860"
                },
                "type": "ColumnNode",
                "hNodeId": "HN860",
                "columnName": "CurrentStatus",
                "rdfLiteralType": null,
                "language": "",
                "userSemanticTypes": [
                    {
                        "hNodeId": "HN860",
                        "domain": {
                            "uri": "http://scharp.usc.isi.edu/ontology/SAMSite"
                        },
                        "type": {
                            "uri": "http://scharp.usc.isi.edu/ontology/currentStatus"
                        },
                        "origin": "User",
                        "confidenceScore": 1.0
                    }
                ],
                "learnedSemanticTypes": null,
                "modelIds": null
            },
            {
                "id": "HN870",
                "label": {
                    "uri": "HN870"
                },
                "type": "ColumnNode",
                "hNodeId": "HN870",
                "columnName": "Index",
                "rdfLiteralType": null,
                "language": "",
                "userSemanticTypes": [
                    {
                        "hNodeId": "HN870",
                        "domain": {
                            "uri": "http://scharp.usc.isi.edu/ontology/SAMSite"
                        },
                        "type": {
                            "uri": "http://scharp.usc.isi.edu/ontology/index"
                        },
                        "origin": "User",
                        "confidenceScore": 1.0
                    }
                ],
                "learnedSemanticTypes": null,
                "modelIds": null
            },
            {
                "id": "HN862",
                "label": {
                    "uri": "HN862"
                },
                "type": "ColumnNode",
                "hNodeId": "HN862",
                "columnName": "EngRange",
                "rdfLiteralType": null,
                "language": "",
                "userSemanticTypes": [
                    {
                        "hNodeId": "HN862",
                        "domain": {
                            "uri": "http://scharp.usc.isi.edu/ontology/SAMSite"
                        },
                        "type": {
                            "uri": "http://scharp.usc.isi.edu/ontology/engRange"
                        },
                        "origin": "User",
                        "confidenceScore": 1.0
                    }
                ],
                "learnedSemanticTypes": null,
                "modelIds": null
            },
            {
                "id": "HN882",
                "label": {
                    "uri": "HN882"
                },
                "type": "ColumnNode",
                "hNodeId": "HN882",
                "columnName": "OriginalTeam",
                "rdfLiteralType": null,
                "language": "",
                "userSemanticTypes": [
                    {
                        "hNodeId": "HN882",
                        "domain": {
                            "uri": "http://scharp.usc.isi.edu/ontology/SAMSite"
                        },
                        "type": {
                            "uri": "http://scharp.usc.isi.edu/ontology/originalTeam"
                        },
                        "origin": "User",
                        "confidenceScore": 1.0
                    }
                ],
                "learnedSemanticTypes": null,
                "modelIds": null
            },
            {
                "id": "HN874",
                "label": {
                    "uri": "HN874"
                },
                "type": "ColumnNode",
                "hNodeId": "HN874",
                "columnName": "Longitude",
                "rdfLiteralType": null,
                "language": "",
                "userSemanticTypes": [
                    {
                        "hNodeId": "HN874",
                        "domain": {
                            "uri": "http://scharp.usc.isi.edu/ontology/Point"
                        },
                        "type": {
                            "uri": "http://scharp.usc.isi.edu/ontology/longitude"
                        },
                        "origin": "User",
                        "confidenceScore": 1.0
                    }
                ],
                "learnedSemanticTypes": null,
                "modelIds": null
            },
            {
                "id": "HN884",
                "label": {
                    "uri": "HN884"
                },
                "type": "ColumnNode",
                "hNodeId": "HN884",
                "columnName": "Platform",
                "rdfLiteralType": null,
                "language": "",
                "userSemanticTypes": [
                    {
                        "hNodeId": "HN884",
                        "domain": {
                            "uri": "http://scharp.usc.isi.edu/ontology/SAMSite"
                        },
                        "type": {
                            "uri": "http://scharp.usc.isi.edu/ontology/platform"
                        },
                        "origin": "User",
                        "confidenceScore": 1.0
                    }
                ],
                "learnedSemanticTypes": null,
                "modelIds": null
            },
            {
                "id": "HN872",
                "label": {
                    "uri": "HN872"
                },
                "type": "ColumnNode",
                "hNodeId": "HN872",
                "columnName": "Latitude",
                "rdfLiteralType": null,
                "language": "",
                "userSemanticTypes": [
                    {
                        "hNodeId": "HN872",
                        "domain": {
                            "uri": "http://scharp.usc.isi.edu/ontology/Point"
                        },
                        "type": {
                            "uri": "http://scharp.usc.isi.edu/ontology/latitude"
                        },
                        "origin": "User",
                        "confidenceScore": 1.0
                    }
                ],
                "learnedSemanticTypes": null,
                "modelIds": null
            },
            {
                "id": "HN878",
                "label": {
                    "uri": "HN878"
                },
                "type": "ColumnNode",
                "hNodeId": "HN878",
                "columnName": "NumMissiles",
                "rdfLiteralType": null,
                "language": "",
                "userSemanticTypes": [
                    {
                        "hNodeId": "HN878",
                        "domain": {
                            "uri": "http://scharp.usc.isi.edu/ontology/SAMSite"
                        },
                        "type": {
                            "uri": "http://scharp.usc.isi.edu/ontology/numMissiles"
                        },
                        "origin": "User",
                        "confidenceScore": 1.0
                    }
                ],
                "learnedSemanticTypes": null,
                "modelIds": null
            },
            {
                "id": "HN886",
                "label": {
                    "uri": "HN886"
                },
                "type": "ColumnNode",
                "hNodeId": "HN886",
                "columnName": "ScenarioName",
                "rdfLiteralType": null,
                "language": "",
                "userSemanticTypes": [
                    {
                        "hNodeId": "HN886",
                        "domain": {
                            "uri": "http://scharp.usc.isi.edu/ontology/SAMSite"
                        },
                        "type": {
                            "uri": "http://scharp.usc.isi.edu/ontology/scenarioName"
                        },
                        "origin": "User",
                        "confidenceScore": 1.0
                    }
                ],
                "learnedSemanticTypes": null,
                "modelIds": null
            },
            {
                "id": "HN868",
                "label": {
                    "uri": "HN868"
                },
                "type": "ColumnNode",
                "hNodeId": "HN868",
                "columnName": "Include",
                "rdfLiteralType": null,
                "language": "",
                "userSemanticTypes": [
                    {
                        "hNodeId": "HN868",
                        "domain": {
                            "uri": "http://scharp.usc.isi.edu/ontology/SAMSite"
                        },
                        "type": {
                            "uri": "http://scharp.usc.isi.edu/ontology/include"
                        },
                        "origin": "User",
                        "confidenceScore": 1.0
                    }
                ],
                "learnedSemanticTypes": null,
                "modelIds": null
            },
            {
                "id": "HN876",
                "label": {
                    "uri": "HN876"
                },
                "type": "ColumnNode",
                "hNodeId": "HN876",
                "columnName": "Name",
                "rdfLiteralType": null,
                "language": "",
                "userSemanticTypes": [
                    {
                        "hNodeId": "HN876",
                        "domain": {
                            "uri": "http://scharp.usc.isi.edu/ontology/SAMSite"
                        },
                        "type": {
                            "uri": "http://scharp.usc.isi.edu/ontology/name"
                        },
                        "origin": "User",
                        "confidenceScore": 1.0
                    }
                ],
                "learnedSemanticTypes": null,
                "modelIds": null
            },
            {
                "id": "HN858",
                "label": {
                    "uri": "HN858"
                },
                "type": "ColumnNode",
                "hNodeId": "HN858",
                "columnName": "Country",
                "rdfLiteralType": null,
                "language": "",
                "userSemanticTypes": [
                    {
                        "hNodeId": "HN858",
                        "domain": {
                            "uri": "http://scharp.usc.isi.edu/ontology/SAMSite"
                        },
                        "type": {
                            "uri": "http://scharp.usc.isi.edu/ontology/country"
                        },
                        "origin": "User",
                        "confidenceScore": 1.0
                    }
                ],
                "learnedSemanticTypes": null,
                "modelIds": null
            },
            {
                "id": "HN856",
                "label": {
                    "uri": "HN856"
                },
                "type": "ColumnNode",
                "hNodeId": "HN856",
                "columnName": "BeNumber",
                "rdfLiteralType": null,
                "language": "",
                "userSemanticTypes": [
                    {
                        "hNodeId": "HN856",
                        "domain": {
                            "uri": "http://scharp.usc.isi.edu/ontology/SAMSite"
                        },
                        "type": {
                            "uri": "http://scharp.usc.isi.edu/ontology/BeNumber"
                        },
                        "origin": "User",
                        "confidenceScore": 1.0
                    }
                ],
                "learnedSemanticTypes": null,
                "modelIds": null
            },
            {
                "id": "HN866",
                "label": {
                    "uri": "HN866"
                },
                "type": "ColumnNode",
                "hNodeId": "HN866",
                "columnName": "ID",
                "rdfLiteralType": null,
                "language": "",
                "userSemanticTypes": [
                    {
                        "hNodeId": "HN866",
                        "domain": {
                            "uri": "http://scharp.usc.isi.edu/ontology/SAMSite"
                        },
                        "type": {
                            "uri": "http://scharp.usc.isi.edu/ontology/samSiteId"
                        },
                        "origin": "User",
                        "confidenceScore": 1.0
                    }
                ],
                "learnedSemanticTypes": null,
                "modelIds": null
            },
            {
                "id": "HN1406",
                "label": {
                    "uri": "HN1406"
                },
                "type": "ColumnNode",
                "hNodeId": "HN1406",
                "columnName": "samsite_uri",
                "rdfLiteralType": null,
                "language": "",
                "userSemanticTypes": [
                    {
                        "hNodeId": "HN1406",
                        "domain": {
                            "uri": "http://scharp.usc.isi.edu/ontology/SAMSite"
                        },
                        "type": {
                            "uri": "http://isi.edu/integration/karma/dev#classLink"
                        },
                        "origin": "User",
                        "confidenceScore": 1.0
                    }
                ],
                "learnedSemanticTypes": null,
                "modelIds": null
            }
        ],
        "links": [
            {
                "id": "http://scharp.usc.isi.edu/ontology/SAMSite1---http://scharp.usc.isi.edu/ontology/locatein---http://scharp.usc.isi.edu/ontology/Point1",
                "weight": 0.009999999776482582,
                "type": "ObjectPropertyLink",
                "label": {
                    "uri": "http://scharp.usc.isi.edu/ontology/locatein"
                },
                "objectPropertyType": "None",
                "status": "ForcedByUser",
                "keyInfo": "None",
                "modelIds": null
            },
            {
                "id": "http://scharp.usc.isi.edu/ontology/SAMSite1---http://scharp.usc.isi.edu/ontology/team---HN896",
                "weight": 0.01,
                "type": "DataPropertyLink",
                "label": {
                    "uri": "http://scharp.usc.isi.edu/ontology/team"
                },
                "status": "ForcedByUser",
                "keyInfo": "None",
                "modelIds": null
            },
            {
                "id": "http://scharp.usc.isi.edu/ontology/SAMSite1---http://scharp.usc.isi.edu/ontology/surRange---HN894",
                "weight": 0.01,
                "type": "DataPropertyLink",
                "label": {
                    "uri": "http://scharp.usc.isi.edu/ontology/surRange"
                },
                "status": "ForcedByUser",
                "keyInfo": "None",
                "modelIds": null
            },
            {
                "id": "http://scharp.usc.isi.edu/ontology/SAMSite1---http://scharp.usc.isi.edu/ontology/status---HN892",
                "weight": 0.01,
                "type": "DataPropertyLink",
                "label": {
                    "uri": "http://scharp.usc.isi.edu/ontology/status"
                },
                "status": "ForcedByUser",
                "keyInfo": "None",
                "modelIds": null
            },
            {
                "id": "http://scharp.usc.isi.edu/ontology/SAMSite1---http://scharp.usc.isi.edu/ontology/source---HN890",
                "weight": 0.01,
                "type": "DataPropertyLink",
                "label": {
                    "uri": "http://scharp.usc.isi.edu/ontology/source"
                },
                "status": "ForcedByUser",
                "keyInfo": "None",
                "modelIds": null
            },
            {
                "id": "http://scharp.usc.isi.edu/ontology/SAMSite1---http://scharp.usc.isi.edu/ontology/currentStatus---HN860",
                "weight": 0.01,
                "type": "DataPropertyLink",
                "label": {
                    "uri": "http://scharp.usc.isi.edu/ontology/currentStatus"
                },
                "status": "ForcedByUser",
                "keyInfo": "None",
                "modelIds": null
            },
            {
                "id": "http://scharp.usc.isi.edu/ontology/SAMSite1---http://scharp.usc.isi.edu/ontology/index---HN870",
                "weight": 0.01,
                "type": "DataPropertyLink",
                "label": {
                    "uri": "http://scharp.usc.isi.edu/ontology/index"
                },
                "status": "ForcedByUser",
                "keyInfo": "None",
                "modelIds": null
            },
            {
                "id": "http://scharp.usc.isi.edu/ontology/SAMSite1---http://scharp.usc.isi.edu/ontology/engRange---HN862",
                "weight": 0.01,
                "type": "DataPropertyLink",
                "label": {
                    "uri": "http://scharp.usc.isi.edu/ontology/engRange"
                },
                "status": "ForcedByUser",
                "keyInfo": "None",
                "modelIds": null
            },
            {
                "id": "http://scharp.usc.isi.edu/ontology/SAMSite1---http://scharp.usc.isi.edu/ontology/originalTeam---HN882",
                "weight": 0.01,
                "type": "DataPropertyLink",
                "label": {
                    "uri": "http://scharp.usc.isi.edu/ontology/originalTeam"
                },
                "status": "ForcedByUser",
                "keyInfo": "None",
                "modelIds": null
            },
            {
                "id": "http://scharp.usc.isi.edu/ontology/Point1---http://scharp.usc.isi.edu/ontology/longitude---HN874",
                "weight": 0.01,
                "type": "DataPropertyLink",
                "label": {
                    "uri": "http://scharp.usc.isi.edu/ontology/longitude"
                },
                "status": "ForcedByUser",
                "keyInfo": "None",
                "modelIds": null
            },
            {
                "id": "http://scharp.usc.isi.edu/ontology/SAMSite1---http://scharp.usc.isi.edu/ontology/platform---HN884",
                "weight": 0.01,
                "type": "DataPropertyLink",
                "label": {
                    "uri": "http://scharp.usc.isi.edu/ontology/platform"
                },
                "status": "ForcedByUser",
                "keyInfo": "None",
                "modelIds": null
            },
            {
                "id": "http://scharp.usc.isi.edu/ontology/Point1---http://scharp.usc.isi.edu/ontology/latitude---HN872",
                "weight": 0.01,
                "type": "DataPropertyLink",
                "label": {
                    "uri": "http://scharp.usc.isi.edu/ontology/latitude"
                },
                "status": "ForcedByUser",
                "keyInfo": "None",
                "modelIds": null
            },
            {
                "id": "http://scharp.usc.isi.edu/ontology/SAMSite1---http://scharp.usc.isi.edu/ontology/numMissiles---HN878",
                "weight": 0.01,
                "type": "DataPropertyLink",
                "label": {
                    "uri": "http://scharp.usc.isi.edu/ontology/numMissiles"
                },
                "status": "ForcedByUser",
                "keyInfo": "None",
                "modelIds": null
            },
            {
                "id": "http://scharp.usc.isi.edu/ontology/SAMSite1---http://scharp.usc.isi.edu/ontology/scenarioName---HN886",
                "weight": 0.01,
                "type": "DataPropertyLink",
                "label": {
                    "uri": "http://scharp.usc.isi.edu/ontology/scenarioName"
                },
                "status": "ForcedByUser",
                "keyInfo": "None",
                "modelIds": null
            },
            {
                "id": "http://scharp.usc.isi.edu/ontology/SAMSite1---http://scharp.usc.isi.edu/ontology/include---HN868",
                "weight": 0.01,
                "type": "DataPropertyLink",
                "label": {
                    "uri": "http://scharp.usc.isi.edu/ontology/include"
                },
                "status": "ForcedByUser",
                "keyInfo": "None",
                "modelIds": null
            },
            {
                "id": "http://scharp.usc.isi.edu/ontology/SAMSite1---http://scharp.usc.isi.edu/ontology/name---HN876",
                "weight": 0.01,
                "type": "DataPropertyLink",
                "label": {
                    "uri": "http://scharp.usc.isi.edu/ontology/name"
                },
                "status": "ForcedByUser",
                "keyInfo": "None",
                "modelIds": null
            },
            {
                "id": "http://scharp.usc.isi.edu/ontology/SAMSite1---http://scharp.usc.isi.edu/ontology/country---HN858",
                "weight": 0.01,
                "type": "DataPropertyLink",
                "label": {
                    "uri": "http://scharp.usc.isi.edu/ontology/country"
                },
                "status": "ForcedByUser",
                "keyInfo": "None",
                "modelIds": null
            },
            {
                "id": "http://scharp.usc.isi.edu/ontology/SAMSite1---http://scharp.usc.isi.edu/ontology/BeNumber---HN856",
                "weight": 0.01,
                "type": "DataPropertyLink",
                "label": {
                    "uri": "http://scharp.usc.isi.edu/ontology/BeNumber"
                },
                "status": "ForcedByUser",
                "keyInfo": "None",
                "modelIds": null
            },
            {
                "id": "http://scharp.usc.isi.edu/ontology/SAMSite1---http://scharp.usc.isi.edu/ontology/samSiteId---HN866",
                "weight": 0.01,
                "type": "DataPropertyLink",
                "label": {
                    "uri": "http://scharp.usc.isi.edu/ontology/samSiteId"
                },
                "status": "ForcedByUser",
                "keyInfo": "None",
                "modelIds": null
            },
            {
                "id": "http://scharp.usc.isi.edu/ontology/SAMSite1---http://isi.edu/integration/karma/dev#classLink---HN1406",
                "weight": 0.01,
                "type": "ClassInstanceLink",
                "label": {
                    "uri": "http://isi.edu/integration/karma/dev#classLink"
                },
                "status": "ForcedByUser",
                "keyInfo": "UriOfInstance",
                "modelIds": null
            }
        ]
    }
}